customer_id,city,signup_date,age,channel
C00001,Delhi,2022-07-02,44,instagram
C00002,Ahmedabad,2023-07-02,45,instagram
C00003,Indore,2022-02-06,36,website
C00004,Hyderabad,2022-01-14,25,website
C00005,Mumbai,2023-09-27,38,website
C00006,Mumbai,2023-08-18,52,instagram
C00007,Mumbai,2022-06-08,31,website
C00008,Kolkata,2023-05-09,48,distributor
C00009,Hyderabad,2022-11-25,27,referral
C00010,Chennai,2023-09-06,27,distributor
C00011,Mumbai,2022-03-24,36,referral
C00012,Ahmedabad,2023-07-10,25,instagram
C00013,Pune,2023-08-03,28,referral
C00014,Delhi,2023-07-14,47,referral
C00015,Mumbai,2023-07-23,52,website
C00016,Mumbai,2023-08-10,23,website
C00017,Delhi,2022-01-22,49,website
C00018,Hyderabad,2022-05-12,34,instagram
C00019,Bangalore,2023-04-10,39,instagram
C00020,Delhi,2023-04-01,51,referral
C00021,Hyderabad,2022-10-29,32,distributor
C00022,Mumbai,2022-09-24,34,instagram
C00023,Delhi,2024-03-09,45,modern_trade
C00024,Delhi,2023-01-30,50,referral
C00025,Bangalore,2022-04-30,26,instagram
C00026,Pune,2022-09-03,40,instagram
C00027,Mumbai,2023-07-22,34,instagram
C00028,Bangalore,2022-02-07,26,distributor
C00029,Hyderabad,2022-09-02,35,website
C00030,Mumbai,2022-01-21,43,distributor
C00031,Hyderabad,2022-04-20,30,modern_trade
C00032,Mumbai,2023-08-29,47,website
C00033,Mumbai,2023-01-29,26,website
C00034,Jaipur,2023-02-14,50,website
C00035,Ahmedabad,2023-10-10,43,website
C00036,Pune,2024-01-13,24,instagram
C00037,Delhi,2022-01-08,49,referral
C00038,Mumbai,2023-03-20,35,website
C00039,Chennai,2022-11-24,35,instagram
C00040,Bangalore,2022-10-17,32,referral
C00041,Mumbai,2024-02-02,30,modern_trade
C00042,Bangalore,2023-05-26,27,referral
C00043,Mumbai,2022-12-27,22,website
C00044,Jaipur,2023-08-22,46,instagram
C00045,Delhi,2023-12-17,37,modern_trade
C00046,Chennai,2022-08-07,36,referral
C00047,Delhi,2023-02-10,38,distributor
C00048,Hyderabad,2024-01-23,24,distributor
C00049,Hyderabad,2024-02-09,24,distributor
C00050,Mumbai,2023-09-13,38,instagram
C00051,Ahmedabad,2024-02-07,22,referral
C00052,Indore,2024-03-04,28,distributor
C00053,Jaipur,2022-08-08,47,modern_trade
C00054,Kolkata,2023-08-18,40,distributor
C00055,Hyderabad,2022-04-17,51,website
C00056,Jaipur,2023-08-04,35,referral
C00057,Mumbai,2023-09-01,34,instagram
C00058,Mumbai,2023-12-25,41,modern_trade
C00059,Mumbai,2022-10-13,47,website
C00060,Delhi,2024-01-19,48,instagram
C00061,Bangalore,2022-01-08,46,instagram
C00062,Delhi,2024-03-16,30,website
C00063,Pune,2022-07-08,33,website
C00064,Delhi,2022-03-22,31,instagram
C00065,Delhi,2022-04-18,27,instagram
C00066,Hyderabad,2022-11-17,40,instagram
C00067,Mumbai,2023-08-02,27,instagram
C00068,Pune,2023-11-17,23,distributor
C00069,Mumbai,2022-12-12,36,website
C00070,Ahmedabad,2022-11-24,38,website
C00071,Indore,2023-07-09,37,modern_trade
C00072,Mumbai,2023-11-30,49,referral
C00073,Mumbai,2022-10-29,42,modern_trade
C00074,Pune,2022-07-19,29,distributor
C00075,Chennai,2023-02-23,31,website
C00076,Indore,2022-02-08,31,referral
C00077,Indore,2024-01-02,31,website
C00078,Mumbai,2022-11-03,30,distributor
C00079,Delhi,2022-01-04,49,instagram
C00080,Mumbai,2023-09-25,45,instagram
C00081,Kolkata,2022-03-18,40,distributor
C00082,Chennai,2023-04-13,54,distributor
C00083,Delhi,2022-06-28,25,referral
C00084,Mumbai,2023-10-07,24,referral
C00085,Delhi,2024-01-11,33,instagram
C00086,Delhi,2022-10-03,39,referral
C00087,Indore,2022-06-01,44,distributor
C00088,Chennai,2022-06-13,41,instagram
C00089,Kolkata,2022-10-17,27,referral
C00090,Bangalore,2023-01-13,23,distributor
C00091,Mumbai,2023-09-13,51,referral
C00092,Indore,2023-09-30,30,modern_trade
C00093,Indore,2024-01-22,48,referral
C00094,Hyderabad,2022-11-06,45,modern_trade
C00095,Indore,2023-01-24,38,distributor
C00096,Bangalore,2023-10-20,50,referral
C00097,Hyderabad,2024-02-03,33,modern_trade
C00098,Bangalore,2022-07-02,52,distributor
C00099,Mumbai,2024-03-31,30,distributor
C00100,Mumbai,2022-11-02,40,referral
C00101,Mumbai,2022-03-13,38,referral
C00102,Chennai,2022-08-07,23,referral
C00103,Delhi,2023-12-20,26,referral
C00104,Bangalore,2022-06-22,37,referral
C00105,Jaipur,2023-10-15,38,instagram
C00106,Delhi,2022-09-29,48,website
C00107,Bangalore,2023-12-27,28,website
C00108,Indore,2023-04-13,29,modern_trade
C00109,Delhi,2022-09-26,29,modern_trade
C00110,Mumbai,2022-01-20,44,referral
C00111,Delhi,2023-08-01,53,website
C00112,Mumbai,2024-03-25,39,modern_trade
C00113,Jaipur,2023-05-18,33,instagram
C00114,Pune,2022-05-27,36,instagram
C00115,Chennai,2023-03-05,49,modern_trade
C00116,Kolkata,2022-06-14,52,instagram
C00117,Pune,2022-11-06,30,modern_trade
C00118,Mumbai,2023-06-02,29,distributor
C00119,Kolkata,2022-01-14,40,referral
C00120,Hyderabad,2022-05-12,29,modern_trade
C00121,Pune,2024-01-25,25,referral
C00122,Kolkata,2023-03-15,52,modern_trade
C00123,Delhi,2024-01-13,24,modern_trade
C00124,Mumbai,2024-01-10,40,instagram
C00125,Delhi,2023-11-05,50,website
C00126,Bangalore,2024-03-05,31,website
C00127,Pune,2022-09-20,33,instagram
C00128,Kolkata,2023-10-05,51,distributor
C00129,Mumbai,2022-08-13,51,referral
C00130,Bangalore,2022-09-15,39,website
C00131,Bangalore,2022-08-22,45,instagram
C00132,Delhi,2022-12-02,53,website
C00133,Mumbai,2023-02-13,30,modern_trade
C00134,Delhi,2022-01-24,45,website
C00135,Jaipur,2022-09-28,47,modern_trade
C00136,Delhi,2022-04-05,24,website
C00137,Bangalore,2022-05-22,44,instagram
C00138,Chennai,2023-11-25,32,referral
C00139,Delhi,2023-12-19,31,instagram
C00140,Ahmedabad,2022-03-22,34,instagram
C00141,Ahmedabad,2022-10-01,50,instagram
C00142,Delhi,2022-10-03,34,distributor
C00143,Bangalore,2023-04-10,47,distributor
C00144,Delhi,2022-07-27,41,instagram
C00145,Delhi,2022-10-23,26,referral
C00146,Mumbai,2022-02-08,41,instagram
C00147,Hyderabad,2022-10-15,35,modern_trade
C00148,Bangalore,2022-05-04,35,referral
C00149,Mumbai,2022-10-10,29,website
C00150,Delhi,2022-06-29,34,website
C00151,Jaipur,2022-04-07,45,website
C00152,Delhi,2022-07-10,36,referral
C00153,Mumbai,2022-03-15,22,instagram
C00154,Bangalore,2023-03-23,43,instagram
C00155,Ahmedabad,2024-02-24,24,referral
C00156,Delhi,2023-05-12,47,distributor
C00157,Chennai,2023-07-15,35,referral
C00158,Indore,2023-04-29,29,instagram
C00159,Delhi,2023-12-23,37,distributor
C00160,Indore,2022-04-26,42,instagram
C00161,Delhi,2023-06-19,31,instagram
C00162,Chennai,2022-04-08,46,modern_trade
C00163,Chennai,2022-11-24,43,website
C00164,Hyderabad,2023-02-11,25,referral
C00165,Mumbai,2022-11-09,25,modern_trade
C00166,Pune,2023-12-03,51,website
C00167,Delhi,2023-11-25,23,instagram
C00168,Mumbai,2022-05-28,50,website
C00169,Mumbai,2022-12-08,42,website
C00170,Hyderabad,2023-05-10,42,distributor
C00171,Chennai,2022-01-23,42,distributor
C00172,Mumbai,2022-04-15,25,referral
C00173,Bangalore,2023-11-06,22,website
C00174,Delhi,2023-08-02,47,instagram
C00175,Chennai,2024-03-12,23,instagram
C00176,Mumbai,2024-03-11,30,referral
C00177,Chennai,2023-07-12,39,website
C00178,Bangalore,2023-08-16,32,website
C00179,Jaipur,2023-10-21,46,referral
C00180,Mumbai,2022-08-10,47,modern_trade
C00181,Delhi,2022-01-15,24,modern_trade
C00182,Mumbai,2023-09-25,43,website
C00183,Jaipur,2022-03-19,29,instagram
C00184,Kolkata,2022-11-18,36,modern_trade
C00185,Delhi,2024-03-17,28,distributor
C00186,Chennai,2022-08-29,40,instagram
C00187,Pune,2022-01-18,38,referral
C00188,Hyderabad,2024-02-07,22,distributor
C00189,Hyderabad,2023-03-30,50,website
C00190,Delhi,2023-03-19,34,website
C00191,Mumbai,2022-10-04,50,instagram
C00192,Kolkata,2023-02-28,27,website
C00193,Jaipur,2023-04-21,26,referral
C00194,Chennai,2022-01-27,32,instagram
C00195,Delhi,2023-05-29,30,referral
C00196,Delhi,2023-04-09,30,instagram
C00197,Indore,2024-03-17,29,website
C00198,Kolkata,2022-12-29,24,distributor
C00199,Kolkata,2023-01-18,34,referral
C00200,Indore,2024-01-21,40,website
C00201,Chennai,2023-06-09,53,referral
C00202,Mumbai,2023-01-17,37,instagram
C00203,Mumbai,2022-07-03,39,distributor
C00204,Kolkata,2022-07-13,35,instagram
C00205,Hyderabad,2023-04-07,51,instagram
C00206,Mumbai,2022-02-25,23,referral
C00207,Mumbai,2022-08-18,34,website
C00208,Chennai,2023-05-04,48,referral
C00209,Mumbai,2022-01-28,38,instagram
C00210,Mumbai,2023-08-06,52,modern_trade
C00211,Hyderabad,2023-12-23,36,referral
C00212,Chennai,2022-07-03,41,instagram
C00213,Chennai,2023-03-01,26,referral
C00214,Delhi,2023-01-10,28,instagram
C00215,Indore,2022-02-10,39,website
C00216,Delhi,2023-04-29,32,website
C00217,Delhi,2022-09-17,53,modern_trade
C00218,Indore,2023-03-17,48,instagram
C00219,Chennai,2022-03-25,47,instagram
C00220,Kolkata,2022-02-15,49,instagram
C00221,Chennai,2023-03-16,23,instagram
C00222,Hyderabad,2023-11-02,41,instagram
C00223,Mumbai,2023-06-03,25,referral
C00224,Delhi,2023-03-14,34,instagram
C00225,Delhi,2022-05-16,45,website
C00226,Delhi,2022-07-02,50,referral
C00227,Ahmedabad,2023-12-10,23,instagram
C00228,Bangalore,2022-06-21,39,referral
C00229,Kolkata,2024-02-27,29,instagram
C00230,Chennai,2023-08-13,36,website
C00231,Pune,2023-11-21,38,referral
C00232,Bangalore,2023-06-23,44,instagram
C00233,Hyderabad,2022-04-30,23,referral
C00234,Bangalore,2022-10-08,27,instagram
C00235,Mumbai,2022-11-04,50,modern_trade
C00236,Indore,2023-12-09,48,distributor
C00237,Delhi,2022-10-04,39,instagram
C00238,Mumbai,2023-06-14,31,website
C00239,Chennai,2022-10-22,38,instagram
C00240,Mumbai,2024-02-22,34,instagram
C00241,Jaipur,2022-02-22,48,instagram
C00242,Ahmedabad,2024-03-16,23,modern_trade
C00243,Jaipur,2023-03-08,52,referral
C00244,Delhi,2022-02-21,44,distributor
C00245,Mumbai,2023-12-29,28,referral
C00246,Jaipur,2022-03-13,54,instagram
C00247,Bangalore,2022-01-28,33,modern_trade
C00248,Ahmedabad,2023-04-14,33,distributor
C00249,Ahmedabad,2024-02-03,40,modern_trade
C00250,Kolkata,2023-07-01,30,website
C00251,Delhi,2023-02-05,31,referral
C00252,Bangalore,2022-07-20,38,instagram
C00253,Kolkata,2024-01-31,31,instagram
C00254,Delhi,2023-09-03,33,referral
C00255,Mumbai,2024-03-30,36,distributor
C00256,Hyderabad,2023-04-11,52,website
C00257,Jaipur,2023-10-14,36,modern_trade
C00258,Chennai,2023-08-18,49,instagram
C00259,Hyderabad,2023-07-14,25,website
C00260,Mumbai,2024-02-29,22,modern_trade
C00261,Hyderabad,2023-01-14,38,referral
C00262,Ahmedabad,2024-01-30,54,referral
C00263,Mumbai,2022-06-26,42,website
C00264,Bangalore,2022-02-21,47,website
C00265,Kolkata,2022-03-20,26,distributor
C00266,Indore,2023-01-20,54,referral
C00267,Chennai,2023-07-30,22,instagram
C00268,Chennai,2022-01-08,27,referral
C00269,Delhi,2022-08-02,23,instagram
C00270,Delhi,2022-01-25,26,website
C00271,Pune,2023-03-26,47,instagram
C00272,Pune,2024-02-07,34,distributor
C00273,Kolkata,2024-01-25,33,modern_trade
C00274,Jaipur,2023-04-02,26,instagram
C00275,Bangalore,2023-04-06,23,instagram
C00276,Bangalore,2022-07-17,25,website
C00277,Pune,2022-04-04,48,modern_trade
C00278,Chennai,2023-12-20,31,instagram
C00279,Chennai,2023-03-13,34,instagram
C00280,Pune,2023-06-11,23,website
C00281,Kolkata,2023-11-21,47,website
C00282,Delhi,2023-01-13,36,instagram
C00283,Delhi,2023-08-10,31,website
C00284,Mumbai,2022-04-14,43,distributor
C00285,Hyderabad,2024-03-16,46,instagram
C00286,Mumbai,2023-11-11,36,website
C00287,Bangalore,2023-09-19,34,instagram
C00288,Hyderabad,2022-02-08,29,instagram
C00289,Delhi,2023-04-03,42,instagram
C00290,Hyderabad,2022-12-30,42,referral
C00291,Mumbai,2024-02-24,43,modern_trade
C00292,Mumbai,2022-05-15,54,website
C00293,Pune,2023-01-09,48,instagram
C00294,Delhi,2022-08-20,43,instagram
C00295,Mumbai,2022-02-08,51,website
C00296,Hyderabad,2024-03-13,30,instagram
C00297,Indore,2024-03-29,39,referral
C00298,Delhi,2022-02-16,26,website
C00299,Chennai,2022-02-05,48,distributor
C00300,Mumbai,2022-04-05,27,instagram
C00301,Mumbai,2022-12-27,53,website
C00302,Hyderabad,2023-06-09,29,instagram
C00303,Hyderabad,2022-05-26,42,website
C00304,Chennai,2023-01-03,39,website
C00305,Indore,2022-03-06,35,modern_trade
C00306,Ahmedabad,2022-08-16,36,website
C00307,Bangalore,2024-01-24,47,referral
C00308,Delhi,2023-06-04,53,instagram
C00309,Pune,2024-03-26,49,instagram
C00310,Delhi,2023-07-09,53,website
C00311,Bangalore,2024-01-26,34,modern_trade
C00312,Mumbai,2022-06-30,36,website
C00313,Mumbai,2023-05-16,39,website
C00314,Ahmedabad,2023-08-20,27,instagram
C00315,Pune,2022-06-04,32,referral
C00316,Chennai,2024-02-26,53,referral
C00317,Bangalore,2023-06-19,41,instagram
C00318,Mumbai,2023-09-19,54,referral
C00319,Mumbai,2024-03-28,29,modern_trade
C00320,Delhi,2023-03-11,26,referral
C00321,Hyderabad,2024-03-21,35,website
C00322,Indore,2022-04-09,42,modern_trade
C00323,Chennai,2023-09-08,45,referral
C00324,Delhi,2023-01-07,38,modern_trade
C00325,Ahmedabad,2023-07-17,39,referral
C00326,Indore,2022-12-28,33,instagram
C00327,Hyderabad,2022-04-22,37,instagram
C00328,Hyderabad,2023-03-29,25,instagram
C00329,Bangalore,2024-01-26,46,website
C00330,Delhi,2022-06-18,49,modern_trade
C00331,Delhi,2023-08-07,32,instagram
C00332,Indore,2022-05-19,34,instagram
C00333,Mumbai,2022-08-19,52,referral
C00334,Mumbai,2022-08-27,46,website
C00335,Mumbai,2022-09-10,31,referral
C00336,Mumbai,2023-03-12,45,website
C00337,Kolkata,2023-07-15,22,website
C00338,Chennai,2023-02-26,46,referral
C00339,Bangalore,2022-10-30,49,distributor
C00340,Mumbai,2022-03-13,39,instagram
C00341,Bangalore,2022-09-20,27,distributor
C00342,Bangalore,2022-08-10,23,instagram
C00343,Mumbai,2022-03-18,24,instagram
C00344,Bangalore,2022-03-03,29,modern_trade
C00345,Bangalore,2023-04-16,52,website
C00346,Hyderabad,2022-06-06,40,modern_trade
C00347,Chennai,2024-03-16,27,referral
C00348,Mumbai,2022-05-05,35,distributor
C00349,Delhi,2024-01-11,24,instagram
C00350,Chennai,2022-06-10,22,instagram
C00351,Bangalore,2023-06-25,51,referral
C00352,Kolkata,2023-09-18,40,modern_trade
C00353,Chennai,2023-08-14,40,website
C00354,Mumbai,2023-06-19,30,referral
C00355,Mumbai,2022-04-16,28,instagram
C00356,Chennai,2022-05-11,28,instagram
C00357,Mumbai,2022-12-23,30,referral
C00358,Hyderabad,2023-11-16,25,referral
C00359,Jaipur,2024-02-15,46,website
C00360,Hyderabad,2024-03-07,33,website
C00361,Bangalore,2022-01-02,27,distributor
C00362,Chennai,2022-08-21,39,instagram
C00363,Bangalore,2023-01-04,42,referral
C00364,Hyderabad,2022-09-08,36,referral
C00365,Jaipur,2022-04-18,24,website
C00366,Bangalore,2022-10-03,23,referral
C00367,Ahmedabad,2022-06-29,25,distributor
C00368,Jaipur,2023-12-26,53,website
C00369,Mumbai,2022-10-20,23,instagram
C00370,Mumbai,2023-08-07,50,instagram
C00371,Mumbai,2024-03-05,23,modern_trade
C00372,Mumbai,2022-06-24,48,website
C00373,Mumbai,2022-05-03,39,instagram
C00374,Chennai,2022-08-15,40,instagram
C00375,Mumbai,2023-03-20,48,website
C00376,Delhi,2024-03-23,41,website
C00377,Kolkata,2023-03-04,42,instagram
C00378,Mumbai,2022-03-24,44,referral
C00379,Pune,2024-02-04,51,referral
C00380,Delhi,2023-10-20,46,distributor
C00381,Mumbai,2023-09-24,52,instagram
C00382,Chennai,2022-03-06,48,website
C00383,Chennai,2022-10-08,29,website
C00384,Kolkata,2024-03-05,40,instagram
C00385,Indore,2023-01-26,47,website
C00386,Pune,2023-03-04,49,instagram
C00387,Delhi,2023-09-10,25,website
C00388,Mumbai,2024-03-22,52,website
C00389,Indore,2022-04-17,37,instagram
C00390,Pune,2023-07-02,31,instagram
C00391,Ahmedabad,2023-10-21,31,modern_trade
C00392,Bangalore,2022-09-19,30,instagram
C00393,Delhi,2022-06-08,40,referral
C00394,Indore,2022-09-22,40,referral
C00395,Delhi,2023-04-13,33,distributor
C00396,Jaipur,2022-07-21,34,website
C00397,Kolkata,2022-06-04,46,website
C00398,Bangalore,2022-01-13,46,instagram
C00399,Indore,2022-10-24,49,instagram
C00400,Indore,2023-05-13,51,instagram
C00401,Mumbai,2023-08-20,26,referral
C00402,Jaipur,2024-03-02,38,website
C00403,Bangalore,2022-09-02,39,website
C00404,Pune,2022-10-27,42,referral
C00405,Delhi,2022-12-28,43,website
C00406,Kolkata,2022-12-20,27,instagram
C00407,Bangalore,2023-06-05,37,instagram
C00408,Mumbai,2023-01-21,23,modern_trade
C00409,Jaipur,2024-01-29,22,website
C00410,Mumbai,2022-11-08,51,website
C00411,Delhi,2023-02-18,44,referral
C00412,Ahmedabad,2022-10-05,22,referral
C00413,Ahmedabad,2024-01-20,40,instagram
C00414,Hyderabad,2023-12-16,24,modern_trade
C00415,Chennai,2024-01-29,23,website
C00416,Bangalore,2024-01-17,38,instagram
C00417,Delhi,2023-08-16,49,modern_trade
C00418,Delhi,2022-12-22,39,referral
C00419,Chennai,2023-06-09,54,modern_trade
C00420,Indore,2022-01-16,36,instagram
C00421,Pune,2022-02-14,43,instagram
C00422,Pune,2022-11-17,48,instagram
C00423,Mumbai,2023-10-13,53,instagram
C00424,Bangalore,2022-11-22,40,modern_trade
C00425,Mumbai,2022-05-28,49,website
C00426,Hyderabad,2022-12-21,49,website
C00427,Bangalore,2022-08-24,31,modern_trade
C00428,Kolkata,2023-12-04,41,instagram
C00429,Delhi,2023-09-05,46,distributor
C00430,Mumbai,2022-04-15,42,distributor
C00431,Mumbai,2023-04-19,35,referral
C00432,Indore,2024-02-01,43,instagram
C00433,Hyderabad,2023-01-31,47,website
C00434,Mumbai,2023-03-22,32,referral
C00435,Mumbai,2023-08-29,28,modern_trade
C00436,Chennai,2022-08-08,38,instagram
C00437,Mumbai,2024-03-20,39,website
C00438,Pune,2023-03-18,28,website
C00439,Chennai,2023-10-07,41,instagram
C00440,Mumbai,2023-10-29,32,referral
C00441,Mumbai,2022-01-28,37,instagram
C00442,Ahmedabad,2024-03-04,48,referral
C00443,Delhi,2023-04-20,32,modern_trade
C00444,Delhi,2023-09-20,37,instagram
C00445,Pune,2022-11-01,44,modern_trade
C00446,Jaipur,2024-01-16,33,instagram
C00447,Ahmedabad,2023-02-09,24,website
C00448,Indore,2023-05-28,23,distributor
C00449,Delhi,2023-05-17,45,referral
C00450,Mumbai,2022-12-14,50,distributor
C00451,Indore,2022-08-28,41,website
C00452,Hyderabad,2023-07-24,39,referral
C00453,Bangalore,2023-11-26,35,modern_trade
C00454,Jaipur,2022-12-03,39,instagram
C00455,Mumbai,2022-01-26,23,instagram
C00456,Bangalore,2023-02-13,22,website
C00457,Mumbai,2022-03-18,41,modern_trade
C00458,Bangalore,2022-08-05,32,modern_trade
C00459,Mumbai,2022-11-24,48,instagram
C00460,Mumbai,2024-02-13,44,distributor
C00461,Mumbai,2022-01-23,24,website
C00462,Chennai,2024-01-26,33,distributor
C00463,Indore,2023-11-01,51,referral
C00464,Hyderabad,2023-12-19,52,website
C00465,Ahmedabad,2022-11-06,44,modern_trade
C00466,Delhi,2023-08-22,22,referral
C00467,Delhi,2022-09-24,41,distributor
C00468,Kolkata,2023-02-19,27,instagram
C00469,Delhi,2023-10-08,32,referral
C00470,Ahmedabad,2022-09-24,25,distributor
C00471,Mumbai,2022-11-29,50,distributor
C00472,Ahmedabad,2024-02-19,31,instagram
C00473,Mumbai,2023-03-26,50,instagram
C00474,Kolkata,2023-07-19,22,modern_trade
C00475,Hyderabad,2023-09-03,29,distributor
C00476,Ahmedabad,2022-09-04,38,website
C00477,Mumbai,2022-02-05,40,website
C00478,Hyderabad,2023-02-05,54,modern_trade
C00479,Ahmedabad,2022-01-28,36,instagram
C00480,Hyderabad,2022-08-08,52,distributor
C00481,Chennai,2023-02-10,42,referral
C00482,Chennai,2023-09-06,24,website
C00483,Bangalore,2024-02-14,23,referral
C00484,Chennai,2022-09-28,37,referral
C00485,Hyderabad,2024-01-06,42,website
C00486,Jaipur,2023-10-13,33,distributor
C00487,Mumbai,2024-03-02,49,website
C00488,Delhi,2023-05-26,33,modern_trade
C00489,Ahmedabad,2022-10-13,54,instagram
C00490,Kolkata,2023-03-30,41,modern_trade
C00491,Bangalore,2024-02-01,42,instagram
C00492,Chennai,2022-11-13,43,instagram
C00493,Delhi,2023-08-13,47,instagram
C00494,Mumbai,2022-10-24,28,website
C00495,Bangalore,2022-12-04,28,distributor
C00496,Delhi,2022-11-03,29,website
C00497,Hyderabad,2023-03-04,47,instagram
C00498,Mumbai,2022-12-17,45,instagram
C00499,Ahmedabad,2023-05-26,45,website
C00500,Ahmedabad,2023-06-09,33,instagram
C00501,Chennai,2023-05-07,29,referral
C00502,Hyderabad,2023-08-17,30,website
C00503,Delhi,2022-01-09,24,distributor
C00504,Pune,2023-05-12,42,referral
C00505,Chennai,2023-12-26,52,instagram
C00506,Mumbai,2023-07-14,45,modern_trade
C00507,Jaipur,2023-07-15,25,website
C00508,Pune,2024-03-31,41,modern_trade
C00509,Jaipur,2023-03-16,37,instagram
C00510,Indore,2023-07-06,31,referral
C00511,Hyderabad,2024-03-02,47,distributor
C00512,Bangalore,2024-01-08,50,instagram
C00513,Jaipur,2022-04-18,26,website
C00514,Kolkata,2022-09-02,32,instagram
C00515,Mumbai,2022-09-12,50,website
C00516,Mumbai,2022-02-02,36,modern_trade
C00517,Delhi,2022-01-23,27,referral
C00518,Pune,2023-07-20,36,modern_trade
C00519,Ahmedabad,2024-03-31,41,referral
C00520,Mumbai,2022-02-18,23,distributor
C00521,Hyderabad,2023-04-07,37,referral
C00522,Bangalore,2023-08-13,40,instagram
C00523,Ahmedabad,2022-12-02,35,referral
C00524,Kolkata,2022-12-24,45,website
C00525,Pune,2022-05-02,49,modern_trade
C00526,Bangalore,2023-03-20,53,referral
C00527,Bangalore,2022-12-25,31,website
C00528,Delhi,2023-08-25,30,modern_trade
C00529,Mumbai,2022-12-12,45,modern_trade
C00530,Kolkata,2022-07-12,50,website
C00531,Pune,2023-02-20,50,modern_trade
C00532,Ahmedabad,2023-01-12,44,website
C00533,Ahmedabad,2023-04-08,48,instagram
C00534,Hyderabad,2024-01-26,52,instagram
C00535,Indore,2023-10-23,28,distributor
C00536,Jaipur,2022-05-26,25,instagram
C00537,Kolkata,2023-04-23,35,referral
C00538,Delhi,2023-10-15,31,distributor
C00539,Bangalore,2023-02-12,47,instagram
C00540,Mumbai,2022-10-13,44,modern_trade
C00541,Ahmedabad,2022-04-21,30,modern_trade
C00542,Hyderabad,2023-09-12,29,distributor
C00543,Delhi,2024-03-03,35,instagram
C00544,Chennai,2022-02-19,28,referral
C00545,Hyderabad,2022-01-14,28,distributor
C00546,Delhi,2022-05-14,30,instagram
C00547,Mumbai,2023-08-11,24,website
C00548,Chennai,2023-08-19,35,website
C00549,Hyderabad,2022-12-09,38,instagram
C00550,Indore,2023-11-01,43,distributor
C00551,Hyderabad,2022-10-13,47,website
C00552,Kolkata,2022-11-10,49,instagram
C00553,Hyderabad,2023-08-29,35,instagram
C00554,Hyderabad,2022-10-24,30,instagram
C00555,Kolkata,2023-08-29,47,instagram
C00556,Bangalore,2023-07-23,23,website
C00557,Mumbai,2022-06-13,32,instagram
C00558,Mumbai,2023-05-12,38,referral
C00559,Indore,2023-09-02,40,distributor
C00560,Chennai,2022-01-16,39,website
C00561,Chennai,2022-12-10,34,instagram
C00562,Delhi,2022-03-19,26,distributor
C00563,Mumbai,2022-12-12,44,instagram
C00564,Mumbai,2022-03-13,45,distributor
C00565,Delhi,2022-09-27,50,website
C00566,Hyderabad,2022-10-14,29,website
C00567,Bangalore,2022-03-07,47,modern_trade
C00568,Bangalore,2022-03-09,36,website
C00569,Jaipur,2022-07-12,22,modern_trade
C00570,Delhi,2022-02-24,49,modern_trade
C00571,Bangalore,2023-01-14,35,referral
C00572,Pune,2022-06-17,52,referral
C00573,Bangalore,2023-02-13,27,modern_trade
C00574,Chennai,2023-05-23,26,website
C00575,Kolkata,2023-06-21,52,modern_trade
C00576,Jaipur,2023-10-05,36,website
C00577,Mumbai,2022-04-12,36,website
C00578,Jaipur,2024-03-04,26,instagram
C00579,Bangalore,2024-03-18,49,instagram
C00580,Delhi,2024-03-16,54,website
C00581,Bangalore,2023-02-26,32,website
C00582,Ahmedabad,2024-02-14,27,website
C00583,Bangalore,2023-04-23,44,website
C00584,Delhi,2022-04-30,23,website
C00585,Chennai,2024-01-13,36,modern_trade
C00586,Delhi,2022-10-18,44,instagram
C00587,Mumbai,2023-05-03,43,website
C00588,Mumbai,2022-06-10,30,instagram
C00589,Mumbai,2023-11-04,51,referral
C00590,Mumbai,2022-03-19,37,instagram
C00591,Mumbai,2022-02-07,51,referral
C00592,Chennai,2023-01-29,30,referral
C00593,Mumbai,2023-03-17,22,instagram
C00594,Delhi,2023-06-24,29,referral
C00595,Kolkata,2023-04-07,39,distributor
C00596,Bangalore,2023-09-04,48,instagram
C00597,Chennai,2022-10-21,39,website
C00598,Mumbai,2023-02-04,53,website
C00599,Mumbai,2023-09-28,53,referral
C00600,Mumbai,2022-04-02,42,instagram
C00601,Mumbai,2024-02-06,53,instagram
C00602,Delhi,2023-09-01,52,modern_trade
C00603,Mumbai,2022-01-06,37,instagram
C00604,Mumbai,2023-11-12,35,instagram
C00605,Mumbai,2022-09-28,45,referral
C00606,Bangalore,2023-09-12,46,website
C00607,Delhi,2024-03-21,38,website
C00608,Delhi,2023-07-13,25,referral
C00609,Bangalore,2022-04-09,32,referral
C00610,Chennai,2023-06-10,36,referral
C00611,Mumbai,2022-07-13,51,instagram
C00612,Pune,2022-06-06,45,referral
C00613,Chennai,2023-10-28,23,website
C00614,Mumbai,2022-04-25,44,website
C00615,Kolkata,2023-01-31,52,website
C00616,Jaipur,2024-02-09,34,website
C00617,Mumbai,2023-10-19,54,instagram
C00618,Delhi,2024-03-13,28,instagram
C00619,Pune,2023-06-06,53,referral
C00620,Indore,2022-08-02,28,website
C00621,Mumbai,2024-01-15,34,instagram
C00622,Delhi,2023-11-14,45,distributor
C00623,Delhi,2023-06-17,49,website
C00624,Bangalore,2022-01-15,53,referral
C00625,Hyderabad,2023-02-23,39,website
C00626,Delhi,2023-01-03,22,instagram
C00627,Bangalore,2023-09-30,52,referral
C00628,Indore,2022-08-01,22,referral
C00629,Mumbai,2023-12-01,37,instagram
C00630,Delhi,2023-11-15,36,modern_trade
C00631,Indore,2024-01-29,54,modern_trade
C00632,Kolkata,2022-01-05,44,instagram
C00633,Bangalore,2022-08-19,38,referral
C00634,Hyderabad,2022-07-20,46,instagram
C00635,Mumbai,2023-02-06,27,modern_trade
C00636,Bangalore,2022-05-29,52,referral
C00637,Hyderabad,2023-08-07,26,referral
C00638,Delhi,2023-05-07,51,referral
C00639,Delhi,2022-08-14,26,referral
C00640,Delhi,2023-08-09,33,website
C00641,Mumbai,2024-03-29,28,website
C00642,Delhi,2022-06-18,34,website
C00643,Delhi,2024-01-31,25,website
C00644,Delhi,2024-03-02,24,website
C00645,Mumbai,2022-06-01,33,instagram
C00646,Kolkata,2022-08-12,22,instagram
C00647,Hyderabad,2023-05-19,48,referral
C00648,Chennai,2024-01-07,34,website
C00649,Pune,2023-07-04,38,distributor
C00650,Bangalore,2022-02-13,29,instagram
C00651,Mumbai,2023-11-28,53,referral
C00652,Hyderabad,2023-05-19,41,instagram
C00653,Hyderabad,2022-08-29,38,modern_trade
C00654,Indore,2022-12-17,45,modern_trade
C00655,Bangalore,2023-12-23,39,instagram
C00656,Mumbai,2022-01-23,54,website
C00657,Delhi,2023-09-28,44,website
C00658,Delhi,2023-08-21,46,instagram
C00659,Chennai,2022-02-12,48,referral
C00660,Hyderabad,2023-04-11,22,website
C00661,Delhi,2022-02-09,42,instagram
C00662,Ahmedabad,2022-10-30,31,referral
C00663,Hyderabad,2023-11-12,52,instagram
C00664,Delhi,2022-06-24,46,website
C00665,Mumbai,2023-06-16,41,modern_trade
C00666,Mumbai,2023-04-06,23,website
C00667,Delhi,2023-09-13,36,instagram
C00668,Mumbai,2022-07-12,49,instagram
C00669,Mumbai,2022-09-01,34,website
C00670,Delhi,2022-10-07,35,referral
C00671,Mumbai,2024-01-10,23,website
C00672,Kolkata,2022-02-05,46,instagram
C00673,Mumbai,2023-07-11,36,modern_trade
C00674,Hyderabad,2023-06-24,33,modern_trade
C00675,Bangalore,2022-06-03,30,modern_trade
C00676,Ahmedabad,2022-01-23,52,referral
C00677,Mumbai,2023-12-20,35,website
C00678,Bangalore,2022-04-01,50,instagram
C00679,Ahmedabad,2023-01-25,29,modern_trade
C00680,Kolkata,2022-12-25,24,instagram
C00681,Pune,2023-07-04,23,modern_trade
C00682,Delhi,2022-08-16,37,referral
C00683,Mumbai,2022-07-21,40,modern_trade
C00684,Chennai,2022-12-16,51,website
C00685,Jaipur,2024-03-31,37,referral
C00686,Hyderabad,2024-02-05,52,distributor
C00687,Hyderabad,2022-02-07,49,instagram
C00688,Delhi,2024-01-03,25,distributor
C00689,Indore,2023-05-15,31,modern_trade
C00690,Mumbai,2023-11-30,39,distributor
C00691,Delhi,2022-02-12,53,instagram
C00692,Bangalore,2023-09-18,51,instagram
C00693,Bangalore,2024-02-11,30,website
C00694,Delhi,2023-06-01,50,distributor
C00695,Mumbai,2022-03-09,37,instagram
C00696,Hyderabad,2024-01-10,49,instagram
C00697,Delhi,2022-05-03,42,instagram
C00698,Hyderabad,2023-11-16,23,modern_trade
C00699,Mumbai,2022-12-02,49,modern_trade
C00700,Bangalore,2022-06-02,52,referral
C00701,Hyderabad,2024-02-18,54,instagram
C00702,Mumbai,2023-10-31,44,website
C00703,Delhi,2022-06-11,38,instagram
C00704,Mumbai,2022-08-02,22,website
C00705,Mumbai,2023-01-11,44,referral
C00706,Ahmedabad,2023-03-19,48,website
C00707,Delhi,2023-02-27,46,modern_trade
C00708,Pune,2023-06-22,53,website
C00709,Delhi,2024-03-14,40,referral
C00710,Chennai,2023-12-02,45,modern_trade
C00711,Indore,2023-09-26,24,instagram
C00712,Hyderabad,2022-08-18,33,modern_trade
C00713,Bangalore,2022-02-28,36,instagram
C00714,Bangalore,2022-04-06,38,modern_trade
C00715,Delhi,2022-09-19,53,instagram
C00716,Jaipur,2022-12-20,28,instagram
C00717,Pune,2022-11-08,40,referral
C00718,Ahmedabad,2022-05-16,28,distributor
C00719,Mumbai,2024-03-05,26,distributor
C00720,Indore,2023-04-18,42,instagram
C00721,Jaipur,2023-09-24,28,instagram
C00722,Mumbai,2023-03-06,44,referral
C00723,Mumbai,2023-06-21,32,referral
C00724,Indore,2022-05-26,31,modern_trade
C00725,Hyderabad,2023-06-08,42,referral
C00726,Kolkata,2022-03-28,54,modern_trade
C00727,Mumbai,2022-04-19,41,website
C00728,Pune,2023-02-27,54,website
C00729,Delhi,2022-12-11,48,modern_trade
C00730,Mumbai,2022-09-23,40,instagram
C00731,Mumbai,2024-01-04,26,instagram
C00732,Pune,2023-08-09,50,modern_trade
C00733,Chennai,2023-05-09,31,instagram
C00734,Hyderabad,2022-11-29,34,instagram
C00735,Delhi,2023-02-17,50,distributor
C00736,Kolkata,2023-09-06,26,website
C00737,Bangalore,2023-10-11,33,referral
C00738,Pune,2022-07-10,34,website
C00739,Bangalore,2022-05-22,43,referral
C00740,Delhi,2022-03-14,36,distributor
C00741,Bangalore,2022-06-16,34,instagram
C00742,Delhi,2022-06-17,22,website
C00743,Indore,2023-07-20,22,modern_trade
C00744,Bangalore,2022-09-16,32,referral
C00745,Delhi,2023-03-15,43,modern_trade
C00746,Kolkata,2022-04-21,27,distributor
C00747,Bangalore,2024-01-14,49,website
C00748,Hyderabad,2023-11-04,52,referral
C00749,Jaipur,2023-06-15,29,website
C00750,Chennai,2022-10-17,26,distributor
C00751,Mumbai,2023-07-16,38,referral
C00752,Jaipur,2023-05-25,30,website
C00753,Chennai,2022-06-24,31,referral
C00754,Delhi,2022-10-29,41,instagram
C00755,Mumbai,2023-11-27,35,instagram
C00756,Pune,2022-07-04,35,distributor
C00757,Chennai,2022-12-05,47,website
C00758,Hyderabad,2023-05-25,50,instagram
C00759,Kolkata,2024-03-29,48,modern_trade
C00760,Pune,2022-11-06,46,website
C00761,Mumbai,2023-05-22,37,modern_trade
C00762,Delhi,2022-12-12,37,instagram
C00763,Delhi,2022-03-22,54,distributor
C00764,Indore,2023-01-09,24,website
C00765,Mumbai,2022-06-05,44,website
C00766,Hyderabad,2024-02-26,32,instagram
C00767,Indore,2024-03-05,39,referral
C00768,Kolkata,2023-03-08,50,instagram
C00769,Delhi,2023-05-15,26,distributor
C00770,Pune,2024-01-31,45,instagram
C00771,Mumbai,2022-05-27,50,website
C00772,Kolkata,2023-04-26,50,instagram
C00773,Mumbai,2023-03-11,47,instagram
C00774,Bangalore,2023-06-03,24,referral
C00775,Pune,2023-10-31,23,modern_trade
C00776,Mumbai,2023-11-14,46,modern_trade
C00777,Delhi,2022-03-10,40,distributor
C00778,Indore,2023-08-29,23,distributor
C00779,Indore,2022-07-05,40,instagram
C00780,Chennai,2023-11-13,22,modern_trade
C00781,Chennai,2022-07-23,48,referral
C00782,Hyderabad,2023-07-08,26,modern_trade
C00783,Delhi,2022-01-13,25,instagram
C00784,Delhi,2023-10-28,38,modern_trade
C00785,Mumbai,2022-10-01,42,instagram
C00786,Jaipur,2022-10-25,52,referral
C00787,Hyderabad,2022-02-20,43,instagram
C00788,Bangalore,2023-05-15,32,instagram
C00789,Bangalore,2023-01-04,36,referral
C00790,Jaipur,2023-12-25,31,modern_trade
C00791,Mumbai,2023-10-18,53,modern_trade
C00792,Hyderabad,2022-12-23,52,instagram
C00793,Bangalore,2022-01-03,49,instagram
C00794,Hyderabad,2022-09-11,52,referral
C00795,Mumbai,2023-04-20,27,modern_trade
C00796,Kolkata,2023-05-21,35,instagram
C00797,Jaipur,2022-09-13,44,website
C00798,Hyderabad,2023-09-02,37,instagram
C00799,Chennai,2023-11-16,46,referral
C00800,Jaipur,2022-05-30,23,instagram
C00801,Chennai,2023-05-03,46,instagram
C00802,Mumbai,2022-10-06,37,instagram
C00803,Hyderabad,2022-02-28,39,instagram
C00804,Hyderabad,2023-03-22,34,instagram
C00805,Bangalore,2022-04-23,48,website
C00806,Indore,2024-01-25,32,instagram
C00807,Jaipur,2023-07-23,22,instagram
C00808,Jaipur,2023-05-04,34,instagram
C00809,Bangalore,2023-02-11,51,modern_trade
C00810,Mumbai,2023-01-02,26,website
C00811,Ahmedabad,2022-03-01,39,website
C00812,Pune,2022-11-25,35,referral
C00813,Mumbai,2023-12-29,34,instagram
C00814,Jaipur,2023-04-14,53,instagram
C00815,Kolkata,2024-01-15,28,referral
C00816,Bangalore,2023-07-21,29,website
C00817,Hyderabad,2023-12-21,28,modern_trade
C00818,Bangalore,2022-03-04,37,modern_trade
C00819,Mumbai,2022-07-03,52,referral
C00820,Delhi,2022-11-07,48,referral
C00821,Pune,2024-03-03,54,instagram
C00822,Mumbai,2023-06-22,50,instagram
C00823,Delhi,2022-06-26,29,distributor
C00824,Bangalore,2023-07-29,54,instagram
C00825,Hyderabad,2023-03-05,40,distributor
C00826,Jaipur,2022-03-14,42,website
C00827,Delhi,2022-06-16,42,referral
C00828,Delhi,2022-08-13,46,instagram
C00829,Indore,2023-07-31,44,website
C00830,Bangalore,2023-08-04,32,referral
C00831,Delhi,2022-01-09,54,referral
C00832,Bangalore,2022-08-24,41,instagram
C00833,Mumbai,2023-12-11,46,instagram
C00834,Mumbai,2023-11-16,47,website
C00835,Bangalore,2024-03-04,33,referral
C00836,Bangalore,2022-01-28,53,website
C00837,Jaipur,2024-03-18,54,website
C00838,Delhi,2023-10-08,31,referral
C00839,Hyderabad,2022-01-27,25,website
C00840,Chennai,2023-07-04,36,instagram
C00841,Mumbai,2022-07-15,27,website
C00842,Chennai,2022-07-22,48,instagram
C00843,Mumbai,2022-03-26,26,instagram
C00844,Ahmedabad,2022-01-30,26,instagram
C00845,Mumbai,2023-04-11,39,modern_trade
C00846,Bangalore,2022-04-09,49,instagram
C00847,Mumbai,2022-07-09,43,instagram
C00848,Ahmedabad,2022-01-12,25,referral
C00849,Bangalore,2023-08-26,39,instagram
C00850,Hyderabad,2022-01-30,47,modern_trade
C00851,Mumbai,2023-12-26,43,website
C00852,Indore,2022-02-07,54,distributor
C00853,Delhi,2023-07-26,35,instagram
C00854,Kolkata,2022-10-21,52,instagram
C00855,Delhi,2022-12-26,31,website
C00856,Mumbai,2023-10-17,45,website
C00857,Mumbai,2022-06-29,42,instagram
C00858,Bangalore,2024-03-07,29,website
C00859,Hyderabad,2022-04-22,53,modern_trade
C00860,Mumbai,2024-01-12,52,instagram
C00861,Indore,2023-03-20,44,website
C00862,Bangalore,2022-01-21,46,instagram
C00863,Hyderabad,2022-05-25,28,distributor
C00864,Bangalore,2023-05-14,40,website
C00865,Bangalore,2022-05-26,28,instagram
C00866,Hyderabad,2023-03-17,29,referral
C00867,Mumbai,2023-02-25,35,distributor
C00868,Mumbai,2022-11-12,22,website
C00869,Kolkata,2022-06-15,34,referral
C00870,Jaipur,2023-10-14,24,website
C00871,Delhi,2022-07-22,49,website
C00872,Delhi,2023-05-11,36,instagram
C00873,Chennai,2024-01-26,24,instagram
C00874,Bangalore,2023-09-17,25,website
C00875,Mumbai,2023-04-13,26,referral
C00876,Mumbai,2023-12-14,47,instagram
C00877,Indore,2023-01-20,46,modern_trade
C00878,Chennai,2022-11-10,31,referral
C00879,Mumbai,2024-02-10,29,referral
C00880,Delhi,2022-09-12,33,instagram
C00881,Delhi,2022-01-23,24,website
C00882,Chennai,2024-01-28,48,website
C00883,Mumbai,2022-12-05,44,website
C00884,Mumbai,2023-05-08,54,instagram
C00885,Pune,2023-05-26,35,website
C00886,Mumbai,2023-01-01,44,distributor
C00887,Chennai,2023-01-07,52,referral
C00888,Delhi,2023-08-22,34,instagram
C00889,Mumbai,2022-08-07,33,modern_trade
C00890,Delhi,2023-04-20,39,instagram
C00891,Indore,2023-02-27,42,instagram
C00892,Kolkata,2022-12-22,22,instagram
C00893,Pune,2023-04-05,30,instagram
C00894,Bangalore,2023-05-18,44,referral
C00895,Chennai,2022-01-27,35,instagram
C00896,Delhi,2024-03-12,32,modern_trade
C00897,Delhi,2024-03-11,28,website
C00898,Kolkata,2022-08-11,52,website
C00899,Mumbai,2023-11-21,45,referral
C00900,Mumbai,2022-05-28,47,website
C00901,Delhi,2023-02-28,51,referral
C00902,Mumbai,2024-01-09,26,modern_trade
C00903,Mumbai,2022-12-17,26,modern_trade
C00904,Hyderabad,2022-07-05,40,website
C00905,Bangalore,2023-02-19,49,referral
C00906,Kolkata,2024-03-16,47,modern_trade
C00907,Pune,2023-03-05,44,referral
C00908,Delhi,2022-02-10,51,instagram
C00909,Delhi,2023-01-28,24,instagram
C00910,Delhi,2023-12-04,49,distributor
C00911,Hyderabad,2022-03-20,54,instagram
C00912,Delhi,2023-12-18,24,modern_trade
C00913,Chennai,2024-02-29,26,instagram
C00914,Bangalore,2024-02-23,40,referral
C00915,Hyderabad,2023-06-28,22,website
C00916,Bangalore,2023-03-26,30,instagram
C00917,Delhi,2023-04-19,26,website
C00918,Jaipur,2022-05-22,54,website
C00919,Indore,2022-09-08,46,website
C00920,Mumbai,2022-10-21,50,website
C00921,Kolkata,2023-09-02,46,instagram
C00922,Bangalore,2022-05-16,30,referral
C00923,Kolkata,2023-04-29,24,instagram
C00924,Pune,2024-02-28,36,referral
C00925,Bangalore,2022-11-08,25,distributor
C00926,Mumbai,2024-03-24,41,website
C00927,Delhi,2023-07-09,44,website
C00928,Hyderabad,2023-09-24,29,website
C00929,Chennai,2024-01-02,54,instagram
C00930,Delhi,2022-02-15,54,website
C00931,Mumbai,2022-08-24,28,modern_trade
C00932,Pune,2022-02-17,43,instagram
C00933,Ahmedabad,2022-07-17,26,modern_trade
C00934,Hyderabad,2022-03-25,36,website
C00935,Mumbai,2023-06-27,42,instagram
C00936,Delhi,2022-06-10,46,website
C00937,Mumbai,2023-03-04,38,referral
C00938,Jaipur,2022-03-12,28,instagram
C00939,Mumbai,2023-06-04,40,modern_trade
C00940,Hyderabad,2022-02-21,28,modern_trade
C00941,Delhi,2022-02-14,45,modern_trade
C00942,Hyderabad,2022-10-20,32,modern_trade
C00943,Chennai,2024-03-22,22,distributor
C00944,Pune,2023-04-10,53,distributor
C00945,Delhi,2023-07-04,23,instagram
C00946,Mumbai,2023-01-15,36,referral
C00947,Mumbai,2024-01-13,42,instagram
C00948,Jaipur,2023-04-23,45,website
C00949,Kolkata,2022-09-19,38,distributor
C00950,Hyderabad,2023-08-03,30,instagram
C00951,Hyderabad,2022-06-28,41,website
C00952,Chennai,2022-12-23,40,website
C00953,Mumbai,2023-02-23,39,instagram
C00954,Jaipur,2023-11-29,41,instagram
C00955,Bangalore,2022-07-20,51,referral
C00956,Bangalore,2022-01-13,22,instagram
C00957,Bangalore,2023-03-19,45,website
C00958,Mumbai,2023-12-27,45,referral
C00959,Mumbai,2024-01-02,40,website
C00960,Indore,2022-10-13,51,instagram
C00961,Mumbai,2024-01-26,47,website
C00962,Hyderabad,2022-09-15,50,instagram
C00963,Delhi,2023-07-24,34,modern_trade
C00964,Bangalore,2023-07-02,25,referral
C00965,Delhi,2023-05-05,38,modern_trade
C00966,Delhi,2023-05-13,54,website
C00967,Indore,2023-12-06,26,modern_trade
C00968,Delhi,2022-11-29,49,referral
C00969,Hyderabad,2023-07-16,45,instagram
C00970,Bangalore,2022-02-01,38,referral
C00971,Chennai,2023-09-02,32,instagram
C00972,Jaipur,2022-02-12,33,distributor
C00973,Indore,2022-12-17,34,referral
C00974,Delhi,2022-11-30,29,distributor
C00975,Mumbai,2023-07-13,22,modern_trade
C00976,Delhi,2022-09-27,30,instagram
C00977,Hyderabad,2023-02-17,49,website
C00978,Mumbai,2023-07-29,23,instagram
C00979,Bangalore,2022-01-19,35,instagram
C00980,Hyderabad,2022-12-13,34,instagram
C00981,Delhi,2023-09-05,23,distributor
C00982,Indore,2022-02-06,25,referral
C00983,Mumbai,2023-09-11,33,website
C00984,Mumbai,2022-04-02,31,instagram
C00985,Indore,2024-03-30,24,website
C00986,Bangalore,2022-07-04,25,referral
C00987,Chennai,2023-12-29,27,referral
C00988,Bangalore,2022-01-28,44,instagram
C00989,Delhi,2023-07-02,26,referral
C00990,Pune,2023-01-07,24,website
C00991,Pune,2023-06-14,31,instagram
C00992,Chennai,2022-12-11,40,distributor
C00993,Delhi,2023-02-23,35,instagram
C00994,Hyderabad,2022-07-15,42,referral
C00995,Delhi,2022-03-19,49,instagram
C00996,Mumbai,2022-06-16,42,instagram
C00997,Jaipur,2022-03-31,45,distributor
C00998,Mumbai,2022-09-21,38,modern_trade
C00999,Ahmedabad,2023-04-17,43,website
C01000,Bangalore,2022-07-27,40,modern_trade
C01001,Mumbai,2023-12-25,31,modern_trade
C01002,Hyderabad,2022-09-28,32,website
C01003,Kolkata,2022-09-20,23,modern_trade
C01004,Indore,2023-05-21,54,referral
C01005,Pune,2024-02-24,52,website
C01006,Chennai,2023-05-27,44,modern_trade
C01007,Chennai,2023-12-27,47,instagram
C01008,Kolkata,2023-07-30,46,modern_trade
C01009,Delhi,2023-06-08,38,instagram
C01010,Bangalore,2023-12-23,36,modern_trade
C01011,Delhi,2022-11-08,25,referral
C01012,Ahmedabad,2022-06-23,43,referral
C01013,Jaipur,2023-03-07,38,instagram
C01014,Mumbai,2024-02-07,43,modern_trade
C01015,Chennai,2023-04-08,38,instagram
C01016,Jaipur,2022-04-11,35,website
C01017,Mumbai,2022-01-16,35,website
C01018,Hyderabad,2023-12-10,38,instagram
C01019,Jaipur,2022-09-15,29,distributor
C01020,Mumbai,2022-09-01,47,instagram
C01021,Chennai,2022-12-14,51,website
C01022,Delhi,2022-09-06,43,referral
C01023,Jaipur,2022-04-15,37,instagram
C01024,Ahmedabad,2023-11-25,51,instagram
C01025,Jaipur,2023-10-29,37,website
C01026,Bangalore,2022-10-14,45,distributor
C01027,Kolkata,2022-06-18,27,instagram
C01028,Kolkata,2023-02-24,25,instagram
C01029,Delhi,2022-02-16,39,distributor
C01030,Pune,2022-02-12,27,instagram
C01031,Mumbai,2022-11-17,47,website
C01032,Hyderabad,2024-03-28,48,website
C01033,Delhi,2022-08-09,32,instagram
C01034,Mumbai,2023-05-28,37,website
C01035,Mumbai,2023-12-13,40,distributor
C01036,Chennai,2023-03-17,36,referral
C01037,Delhi,2022-05-24,47,website
C01038,Indore,2022-01-28,52,website
C01039,Mumbai,2024-02-29,40,referral
C01040,Delhi,2023-07-07,45,instagram
C01041,Hyderabad,2023-10-21,30,website
C01042,Pune,2023-11-21,44,referral
C01043,Delhi,2022-06-16,25,instagram
C01044,Chennai,2023-09-27,31,distributor
C01045,Kolkata,2023-08-09,30,modern_trade
C01046,Hyderabad,2024-01-21,40,distributor
C01047,Delhi,2022-09-06,36,instagram
C01048,Mumbai,2024-02-14,40,modern_trade
C01049,Kolkata,2024-02-03,42,website
C01050,Mumbai,2022-12-23,38,distributor
C01051,Kolkata,2022-04-21,39,distributor
C01052,Hyderabad,2023-11-23,38,distributor
C01053,Jaipur,2023-12-01,23,distributor
C01054,Pune,2024-03-30,22,instagram
C01055,Ahmedabad,2023-12-20,31,website
C01056,Delhi,2022-08-22,26,instagram
C01057,Indore,2022-01-24,33,website
C01058,Bangalore,2022-01-26,52,distributor
C01059,Bangalore,2023-01-16,30,instagram
C01060,Chennai,2023-12-31,47,website
C01061,Kolkata,2022-12-12,36,website
C01062,Ahmedabad,2023-01-13,37,instagram
C01063,Indore,2023-06-06,34,instagram
C01064,Bangalore,2022-01-17,46,instagram
C01065,Bangalore,2022-09-02,51,instagram
C01066,Indore,2023-12-19,28,website
C01067,Delhi,2024-02-09,25,website
C01068,Mumbai,2023-09-16,51,instagram
C01069,Delhi,2023-12-18,31,distributor
C01070,Delhi,2023-06-23,51,website
C01071,Delhi,2023-08-06,28,website
C01072,Delhi,2023-11-19,45,instagram
C01073,Mumbai,2022-07-21,41,website
C01074,Mumbai,2022-09-05,53,referral
C01075,Ahmedabad,2022-04-28,47,website
C01076,Bangalore,2022-01-09,47,website
C01077,Bangalore,2023-08-21,33,instagram
C01078,Chennai,2022-01-23,54,distributor
C01079,Delhi,2022-08-28,35,referral
C01080,Jaipur,2023-08-08,54,referral
C01081,Pune,2022-01-27,45,distributor
C01082,Mumbai,2022-03-22,36,referral
C01083,Bangalore,2023-08-19,52,website
C01084,Kolkata,2022-07-18,38,website
C01085,Jaipur,2023-07-09,33,instagram
C01086,Bangalore,2024-02-14,43,distributor
C01087,Hyderabad,2022-04-02,44,referral
C01088,Mumbai,2022-03-25,47,referral
C01089,Ahmedabad,2022-10-27,35,distributor
C01090,Delhi,2022-10-23,33,website
C01091,Jaipur,2023-10-09,25,website
C01092,Chennai,2023-03-30,34,modern_trade
C01093,Hyderabad,2022-10-08,39,instagram
C01094,Bangalore,2022-02-28,49,instagram
C01095,Delhi,2022-12-08,40,instagram
C01096,Mumbai,2024-01-23,24,modern_trade
C01097,Delhi,2023-04-10,40,instagram
C01098,Mumbai,2022-12-08,41,referral
C01099,Indore,2023-09-02,46,instagram
C01100,Delhi,2022-03-03,32,referral
C01101,Mumbai,2024-02-15,38,website
C01102,Ahmedabad,2023-09-17,35,distributor
C01103,Kolkata,2023-03-05,40,referral
C01104,Jaipur,2023-10-20,24,referral
C01105,Ahmedabad,2023-12-29,43,modern_trade
C01106,Mumbai,2022-09-13,48,referral
C01107,Bangalore,2024-02-09,42,distributor
C01108,Indore,2023-12-07,52,website
C01109,Chennai,2022-12-13,48,referral
C01110,Mumbai,2023-06-10,23,distributor
C01111,Pune,2022-10-31,30,referral
C01112,Delhi,2023-09-07,40,instagram
C01113,Delhi,2022-09-02,31,instagram
C01114,Hyderabad,2024-01-27,28,distributor
C01115,Hyderabad,2024-02-19,25,modern_trade
C01116,Hyderabad,2024-01-06,36,referral
C01117,Mumbai,2024-01-02,33,modern_trade
C01118,Kolkata,2023-02-16,27,website
C01119,Delhi,2022-08-05,30,referral
C01120,Mumbai,2023-05-31,29,website
C01121,Kolkata,2023-04-19,28,website
C01122,Ahmedabad,2022-02-05,25,website
C01123,Kolkata,2022-06-27,34,instagram
C01124,Pune,2023-01-22,40,instagram
C01125,Chennai,2024-02-08,28,modern_trade
C01126,Hyderabad,2022-01-17,31,modern_trade
C01127,Mumbai,2023-12-12,46,website
C01128,Bangalore,2022-02-17,46,modern_trade
C01129,Delhi,2022-03-03,50,website
C01130,Delhi,2022-03-10,33,modern_trade
C01131,Indore,2023-10-21,33,instagram
C01132,Bangalore,2023-01-01,27,referral
C01133,Mumbai,2022-06-11,31,referral
C01134,Delhi,2024-01-09,23,instagram
C01135,Chennai,2023-05-03,46,website
C01136,Mumbai,2023-03-07,28,distributor
C01137,Kolkata,2023-05-04,44,referral
C01138,Bangalore,2022-08-18,32,distributor
C01139,Bangalore,2023-01-05,44,website
C01140,Hyderabad,2022-06-27,28,website
C01141,Pune,2023-02-14,48,website
C01142,Delhi,2023-07-22,34,instagram
C01143,Chennai,2023-08-13,38,referral
C01144,Hyderabad,2022-09-27,53,website
C01145,Delhi,2022-07-25,47,distributor
C01146,Kolkata,2024-03-03,43,website
C01147,Pune,2024-01-10,34,referral
C01148,Chennai,2024-01-21,33,instagram
C01149,Kolkata,2024-03-10,28,distributor
C01150,Kolkata,2022-03-23,22,referral
C01151,Chennai,2024-02-01,54,distributor
C01152,Pune,2022-07-12,35,website
C01153,Chennai,2023-09-10,38,website
C01154,Chennai,2022-07-08,25,website
C01155,Hyderabad,2022-10-03,22,referral
C01156,Indore,2022-03-15,45,website
C01157,Mumbai,2022-01-10,45,website
C01158,Kolkata,2023-09-27,36,website
C01159,Kolkata,2022-08-04,38,modern_trade
C01160,Mumbai,2022-10-17,34,instagram
C01161,Pune,2023-03-21,28,website
C01162,Mumbai,2023-07-06,30,instagram
C01163,Delhi,2022-07-12,44,instagram
C01164,Indore,2023-10-01,44,website
C01165,Mumbai,2022-10-16,47,instagram
C01166,Pune,2023-08-06,22,website
C01167,Pune,2023-10-11,35,instagram
C01168,Bangalore,2022-05-24,53,referral
C01169,Mumbai,2023-01-24,31,instagram
C01170,Delhi,2023-02-11,22,instagram
C01171,Hyderabad,2024-03-21,26,modern_trade
C01172,Ahmedabad,2023-01-05,24,website
C01173,Chennai,2023-03-17,48,distributor
C01174,Delhi,2024-02-20,43,instagram
C01175,Chennai,2023-10-13,39,modern_trade
C01176,Hyderabad,2023-07-18,37,website
C01177,Indore,2023-06-13,23,instagram
C01178,Mumbai,2023-11-08,34,website
C01179,Indore,2022-01-13,37,website
C01180,Hyderabad,2023-12-03,29,referral
C01181,Ahmedabad,2022-12-06,29,website
C01182,Delhi,2024-02-15,31,referral
C01183,Chennai,2022-11-08,54,referral
C01184,Jaipur,2024-01-03,52,referral
C01185,Mumbai,2022-04-14,33,modern_trade
C01186,Jaipur,2022-12-05,30,referral
C01187,Chennai,2022-07-17,30,referral
C01188,Mumbai,2022-10-27,39,website
C01189,Delhi,2023-03-20,51,modern_trade
C01190,Chennai,2022-12-25,53,website
C01191,Mumbai,2023-01-03,44,instagram
C01192,Hyderabad,2022-06-18,32,website
C01193,Delhi,2022-05-29,41,referral
C01194,Chennai,2024-01-31,40,website
C01195,Mumbai,2024-02-07,47,website
C01196,Kolkata,2022-02-11,31,website
C01197,Ahmedabad,2022-07-21,45,modern_trade
C01198,Ahmedabad,2022-09-01,34,website
C01199,Indore,2023-10-31,50,website
C01200,Mumbai,2023-04-09,28,referral
C01201,Indore,2023-03-25,51,instagram
C01202,Mumbai,2024-03-08,38,distributor
C01203,Mumbai,2024-03-04,34,referral
C01204,Delhi,2023-03-13,45,website
C01205,Bangalore,2024-01-20,52,modern_trade
C01206,Indore,2023-06-15,48,instagram
C01207,Chennai,2023-07-19,42,modern_trade
C01208,Bangalore,2023-08-20,22,modern_trade
C01209,Delhi,2022-09-30,36,modern_trade
C01210,Ahmedabad,2023-03-06,24,instagram
C01211,Bangalore,2022-08-01,27,website
C01212,Bangalore,2022-04-14,35,instagram
C01213,Mumbai,2022-07-11,54,website
C01214,Pune,2023-11-20,29,website
C01215,Chennai,2023-10-21,47,instagram
C01216,Delhi,2023-01-15,36,website
C01217,Mumbai,2022-03-22,35,referral
C01218,Chennai,2023-12-06,41,modern_trade
C01219,Chennai,2023-07-03,40,website
C01220,Delhi,2023-01-12,54,referral
C01221,Ahmedabad,2022-06-03,45,referral
C01222,Mumbai,2023-10-04,31,modern_trade
C01223,Bangalore,2023-07-25,37,referral
C01224,Jaipur,2024-01-06,36,referral
C01225,Bangalore,2024-01-31,39,instagram
C01226,Chennai,2022-08-28,28,referral
C01227,Bangalore,2023-01-09,43,modern_trade
C01228,Delhi,2024-03-15,53,modern_trade
C01229,Ahmedabad,2024-03-09,40,instagram
C01230,Bangalore,2022-07-23,22,referral
C01231,Kolkata,2023-09-03,26,instagram
C01232,Delhi,2022-12-16,33,distributor
C01233,Delhi,2023-11-19,33,website
C01234,Mumbai,2024-02-13,42,modern_trade
C01235,Chennai,2024-02-22,40,website
C01236,Delhi,2022-05-23,30,modern_trade
C01237,Kolkata,2022-07-08,53,distributor
C01238,Bangalore,2022-09-29,52,instagram
C01239,Ahmedabad,2023-06-16,53,distributor
C01240,Mumbai,2022-10-27,53,modern_trade
C01241,Kolkata,2023-03-02,51,referral
C01242,Indore,2022-02-15,53,modern_trade
C01243,Indore,2022-04-05,23,website
C01244,Kolkata,2022-03-05,32,modern_trade
C01245,Indore,2023-02-17,41,instagram
C01246,Chennai,2023-10-05,30,website
C01247,Mumbai,2022-01-09,40,instagram
C01248,Mumbai,2023-04-04,28,modern_trade
C01249,Jaipur,2023-12-16,26,distributor
C01250,Hyderabad,2023-02-13,45,website
C01251,Pune,2023-04-15,28,website
C01252,Bangalore,2024-03-20,32,website
C01253,Mumbai,2023-05-21,30,referral
C01254,Mumbai,2023-11-17,51,website
C01255,Chennai,2022-03-14,24,website
C01256,Bangalore,2022-03-25,43,instagram
C01257,Delhi,2022-02-28,41,instagram
C01258,Bangalore,2022-01-21,53,website
C01259,Mumbai,2023-04-03,28,referral
C01260,Hyderabad,2022-06-06,28,modern_trade
C01261,Delhi,2022-11-25,41,referral
C01262,Pune,2023-07-27,46,instagram
C01263,Delhi,2023-07-30,45,website
C01264,Bangalore,2023-11-11,34,website
C01265,Mumbai,2022-07-22,25,website
C01266,Mumbai,2023-10-03,33,website
C01267,Bangalore,2024-01-27,38,website
C01268,Bangalore,2022-04-16,22,website
C01269,Hyderabad,2022-05-02,38,instagram
C01270,Delhi,2022-11-14,23,referral
C01271,Chennai,2022-07-01,27,instagram
C01272,Kolkata,2023-09-07,32,instagram
C01273,Indore,2022-11-12,39,instagram
C01274,Mumbai,2024-03-24,46,instagram
C01275,Bangalore,2024-02-12,49,distributor
C01276,Mumbai,2023-09-17,37,instagram
C01277,Delhi,2023-02-10,33,instagram
C01278,Ahmedabad,2022-03-11,50,modern_trade
C01279,Mumbai,2022-06-09,44,referral
C01280,Bangalore,2022-08-28,42,referral
C01281,Hyderabad,2023-06-07,37,referral
C01282,Chennai,2022-05-18,47,referral
C01283,Hyderabad,2023-05-10,43,referral
C01284,Mumbai,2023-11-10,31,instagram
C01285,Delhi,2022-09-04,28,modern_trade
C01286,Bangalore,2023-06-27,30,instagram
C01287,Mumbai,2023-06-08,46,instagram
C01288,Delhi,2022-08-31,36,website
C01289,Mumbai,2023-09-12,34,referral
C01290,Mumbai,2022-12-02,47,referral
C01291,Bangalore,2023-02-26,42,modern_trade
C01292,Mumbai,2022-07-13,44,distributor
C01293,Hyderabad,2022-11-04,49,modern_trade
C01294,Chennai,2023-10-07,33,instagram
C01295,Pune,2023-05-21,45,distributor
C01296,Delhi,2022-10-08,34,referral
C01297,Mumbai,2024-03-13,23,instagram
C01298,Mumbai,2023-11-06,33,referral
C01299,Chennai,2024-02-29,35,website
C01300,Chennai,2023-03-15,51,instagram
C01301,Mumbai,2023-12-16,40,website
C01302,Jaipur,2023-08-31,52,modern_trade
C01303,Mumbai,2023-04-28,46,instagram
C01304,Hyderabad,2022-08-11,25,website
C01305,Chennai,2024-01-19,34,referral
C01306,Kolkata,2022-04-27,24,referral
C01307,Indore,2022-07-11,37,instagram
C01308,Pune,2024-02-27,47,website
C01309,Delhi,2023-09-10,40,referral
C01310,Pune,2023-05-31,36,modern_trade
C01311,Mumbai,2023-06-14,53,distributor
C01312,Kolkata,2022-11-03,42,distributor
C01313,Hyderabad,2023-06-16,22,instagram
C01314,Pune,2022-05-02,27,instagram
C01315,Bangalore,2023-10-11,48,referral
C01316,Chennai,2023-08-15,44,website
C01317,Hyderabad,2022-06-03,52,distributor
C01318,Indore,2023-06-21,33,modern_trade
C01319,Mumbai,2023-03-28,42,website
C01320,Mumbai,2022-06-18,23,instagram
C01321,Delhi,2022-02-28,26,modern_trade
C01322,Mumbai,2022-10-28,30,instagram
C01323,Kolkata,2023-07-07,41,instagram
C01324,Delhi,2023-07-04,39,modern_trade
C01325,Ahmedabad,2022-04-27,43,website
C01326,Delhi,2024-02-26,29,instagram
C01327,Mumbai,2024-02-21,30,referral
C01328,Pune,2022-05-07,28,instagram
C01329,Chennai,2023-02-09,51,website
C01330,Bangalore,2023-02-03,39,instagram
C01331,Hyderabad,2023-05-30,48,modern_trade
C01332,Indore,2024-03-15,37,referral
C01333,Delhi,2023-05-13,42,referral
C01334,Ahmedabad,2023-06-12,26,instagram
C01335,Ahmedabad,2023-02-02,50,instagram
C01336,Chennai,2022-09-22,43,website
C01337,Mumbai,2024-01-21,35,website
C01338,Chennai,2022-09-20,40,instagram
C01339,Mumbai,2023-02-02,45,website
C01340,Mumbai,2023-10-08,27,modern_trade
C01341,Delhi,2023-12-26,24,referral
C01342,Bangalore,2023-06-11,23,instagram
C01343,Kolkata,2023-03-12,36,referral
C01344,Indore,2022-12-26,36,website
C01345,Indore,2022-05-09,53,instagram
C01346,Bangalore,2023-09-26,42,referral
C01347,Delhi,2022-08-29,38,website
C01348,Delhi,2023-09-19,53,distributor
C01349,Ahmedabad,2023-12-10,44,referral
C01350,Mumbai,2022-08-10,54,instagram
C01351,Kolkata,2022-08-02,46,website
C01352,Hyderabad,2023-08-15,42,instagram
C01353,Bangalore,2024-02-14,40,instagram
C01354,Indore,2022-05-15,48,website
C01355,Bangalore,2024-03-28,30,distributor
C01356,Kolkata,2024-01-24,26,modern_trade
C01357,Jaipur,2023-01-21,26,instagram
C01358,Bangalore,2022-10-30,46,modern_trade
C01359,Delhi,2024-02-21,47,instagram
C01360,Hyderabad,2022-10-14,40,instagram
C01361,Jaipur,2023-07-16,51,distributor
C01362,Delhi,2022-07-08,37,distributor
C01363,Chennai,2022-10-24,28,instagram
C01364,Chennai,2023-06-10,39,instagram
C01365,Indore,2023-01-24,42,instagram
C01366,Mumbai,2023-04-04,52,website
C01367,Indore,2024-01-14,22,modern_trade
C01368,Jaipur,2022-09-18,24,instagram
C01369,Mumbai,2023-12-05,52,referral
C01370,Delhi,2023-12-16,46,instagram
C01371,Ahmedabad,2024-02-12,29,instagram
C01372,Mumbai,2022-04-23,22,modern_trade
C01373,Kolkata,2022-02-05,28,modern_trade
C01374,Bangalore,2022-03-20,28,instagram
C01375,Delhi,2022-10-02,29,instagram
C01376,Kolkata,2022-10-05,40,instagram
C01377,Bangalore,2023-11-05,38,referral
C01378,Bangalore,2022-11-08,32,instagram
C01379,Delhi,2023-06-13,32,website
C01380,Hyderabad,2022-07-23,23,referral
C01381,Mumbai,2022-01-17,25,instagram
C01382,Bangalore,2023-12-15,49,modern_trade
C01383,Ahmedabad,2023-04-21,54,instagram
C01384,Delhi,2023-05-26,32,modern_trade
C01385,Chennai,2022-07-29,24,website
C01386,Delhi,2023-05-14,26,modern_trade
C01387,Indore,2023-02-06,42,instagram
C01388,Mumbai,2023-03-05,43,website
C01389,Ahmedabad,2022-03-19,32,instagram
C01390,Bangalore,2023-07-22,43,distributor
C01391,Delhi,2022-03-21,34,website
C01392,Mumbai,2022-11-02,24,referral
C01393,Mumbai,2022-02-27,34,referral
C01394,Bangalore,2023-06-14,49,modern_trade
C01395,Delhi,2022-07-27,32,distributor
C01396,Pune,2023-05-26,32,modern_trade
C01397,Bangalore,2022-05-15,42,modern_trade
C01398,Delhi,2023-06-06,42,modern_trade
C01399,Hyderabad,2023-08-04,28,website
C01400,Chennai,2022-03-24,38,instagram
C01401,Mumbai,2023-09-13,35,instagram
C01402,Mumbai,2022-02-13,54,website
C01403,Mumbai,2023-04-28,32,referral
C01404,Indore,2023-10-06,34,website
C01405,Chennai,2023-05-08,22,instagram
C01406,Bangalore,2023-05-14,30,website
C01407,Kolkata,2022-01-18,34,instagram
C01408,Pune,2023-08-28,51,referral
C01409,Hyderabad,2022-10-21,28,referral
C01410,Kolkata,2022-05-28,35,instagram
C01411,Delhi,2023-04-17,27,modern_trade
C01412,Mumbai,2022-06-21,37,website
C01413,Delhi,2023-07-17,27,modern_trade
C01414,Mumbai,2023-06-15,29,instagram
C01415,Hyderabad,2022-04-30,45,instagram
C01416,Jaipur,2024-01-07,24,instagram
C01417,Mumbai,2022-03-07,25,instagram
C01418,Mumbai,2022-05-21,53,instagram
C01419,Bangalore,2023-03-22,22,instagram
C01420,Jaipur,2023-05-21,30,modern_trade
C01421,Delhi,2022-07-08,33,distributor
C01422,Bangalore,2022-06-07,31,distributor
C01423,Mumbai,2023-09-02,31,distributor
C01424,Mumbai,2023-11-01,44,referral
C01425,Ahmedabad,2022-09-03,27,website
C01426,Ahmedabad,2024-01-18,45,instagram
C01427,Mumbai,2022-02-02,45,instagram
C01428,Ahmedabad,2022-12-27,42,modern_trade
C01429,Chennai,2024-01-23,52,modern_trade
C01430,Kolkata,2022-11-26,51,modern_trade
C01431,Bangalore,2023-05-27,39,modern_trade
C01432,Bangalore,2024-02-26,33,instagram
C01433,Bangalore,2022-03-12,28,referral
C01434,Chennai,2022-11-09,46,referral
C01435,Mumbai,2023-12-29,27,distributor
C01436,Mumbai,2022-03-20,22,distributor
C01437,Delhi,2022-06-18,37,website
C01438,Chennai,2024-03-20,25,instagram
C01439,Delhi,2022-06-29,50,instagram
C01440,Chennai,2023-09-20,49,referral
C01441,Ahmedabad,2022-09-17,43,modern_trade
C01442,Mumbai,2023-05-01,29,instagram
C01443,Chennai,2024-02-11,53,instagram
C01444,Bangalore,2022-01-05,54,referral
C01445,Kolkata,2022-10-24,34,distributor
C01446,Mumbai,2023-09-12,48,website
C01447,Chennai,2022-12-26,39,website
C01448,Pune,2022-04-27,39,referral
C01449,Jaipur,2022-12-23,34,instagram
C01450,Chennai,2023-03-15,43,instagram
C01451,Bangalore,2022-11-27,35,modern_trade
C01452,Hyderabad,2023-06-09,32,modern_trade
C01453,Kolkata,2023-10-16,43,referral
C01454,Hyderabad,2022-07-07,38,referral
C01455,Mumbai,2022-10-08,53,modern_trade
C01456,Jaipur,2023-05-26,35,website
C01457,Chennai,2023-04-11,50,instagram
C01458,Chennai,2022-04-25,27,referral
C01459,Delhi,2022-08-24,25,website
C01460,Chennai,2022-12-04,32,website
C01461,Bangalore,2023-06-06,31,distributor
C01462,Chennai,2022-07-18,49,modern_trade
C01463,Mumbai,2024-02-03,32,instagram
C01464,Chennai,2022-02-19,36,website
C01465,Ahmedabad,2022-05-22,29,referral
C01466,Mumbai,2024-02-22,41,website
C01467,Ahmedabad,2023-06-12,42,website
C01468,Bangalore,2023-05-29,22,website
C01469,Kolkata,2023-11-01,50,modern_trade
C01470,Pune,2022-01-30,45,website
C01471,Hyderabad,2022-03-23,51,modern_trade
C01472,Indore,2022-01-31,54,instagram
C01473,Kolkata,2024-01-18,41,referral
C01474,Bangalore,2022-11-29,37,website
C01475,Delhi,2023-10-22,30,distributor
C01476,Chennai,2022-06-26,52,referral
C01477,Pune,2023-01-05,38,instagram
C01478,Indore,2023-07-01,52,referral
C01479,Pune,2023-06-19,44,website
C01480,Bangalore,2022-04-16,27,modern_trade
C01481,Pune,2022-04-07,51,website
C01482,Mumbai,2022-08-18,28,distributor
C01483,Hyderabad,2022-08-15,32,modern_trade
C01484,Mumbai,2023-01-06,33,instagram
C01485,Delhi,2022-04-10,48,website
C01486,Delhi,2023-03-21,33,website
C01487,Bangalore,2023-04-13,34,distributor
C01488,Chennai,2022-02-24,29,instagram
C01489,Bangalore,2022-07-14,37,instagram
C01490,Bangalore,2023-06-04,50,instagram
C01491,Delhi,2023-02-28,50,website
C01492,Delhi,2022-11-11,52,instagram
C01493,Delhi,2022-05-08,34,website
C01494,Mumbai,2022-02-01,33,modern_trade
C01495,Hyderabad,2022-04-03,23,referral
C01496,Chennai,2023-06-03,54,website
C01497,Hyderabad,2022-09-15,29,distributor
C01498,Bangalore,2022-08-08,53,website
C01499,Delhi,2024-01-22,49,instagram
C01500,Kolkata,2022-04-16,36,referral
C01501,Bangalore,2023-07-02,44,website
C01502,Bangalore,2023-02-20,45,instagram
C01503,Mumbai,2023-07-11,34,website
C01504,Delhi,2024-03-20,42,distributor
C01505,Bangalore,2022-11-05,33,website
C01506,Bangalore,2023-01-01,34,referral
C01507,Hyderabad,2023-06-05,44,referral
C01508,Hyderabad,2023-04-04,49,distributor
C01509,Hyderabad,2023-08-22,35,modern_trade
C01510,Indore,2023-01-05,38,referral
C01511,Pune,2022-11-27,45,referral
C01512,Indore,2023-11-20,43,website
C01513,Ahmedabad,2023-10-04,31,referral
C01514,Mumbai,2023-12-08,29,instagram
C01515,Mumbai,2022-01-11,42,referral
C01516,Mumbai,2024-03-28,28,referral
C01517,Chennai,2023-05-22,47,instagram
C01518,Kolkata,2023-02-23,34,instagram
C01519,Delhi,2022-05-02,37,instagram
C01520,Jaipur,2022-08-23,51,website
C01521,Mumbai,2022-11-27,52,website
C01522,Jaipur,2023-06-27,26,instagram
C01523,Delhi,2022-12-14,53,distributor
C01524,Mumbai,2023-02-16,37,referral
C01525,Bangalore,2022-08-12,30,instagram
C01526,Delhi,2022-06-02,43,instagram
C01527,Delhi,2022-07-31,35,website
C01528,Delhi,2022-04-02,37,instagram
C01529,Pune,2022-11-27,41,instagram
C01530,Hyderabad,2023-04-12,36,website
C01531,Delhi,2023-10-03,47,website
C01532,Hyderabad,2023-12-10,30,modern_trade
C01533,Indore,2023-07-08,22,modern_trade
C01534,Delhi,2022-08-16,41,distributor
C01535,Bangalore,2022-07-13,27,instagram
C01536,Mumbai,2023-06-14,31,instagram
C01537,Mumbai,2022-08-31,54,distributor
C01538,Chennai,2023-01-24,37,website
C01539,Mumbai,2022-10-03,27,website
C01540,Hyderabad,2023-03-26,40,instagram
C01541,Chennai,2023-10-01,52,instagram
C01542,Mumbai,2023-08-10,23,instagram
C01543,Hyderabad,2023-07-28,39,referral
C01544,Delhi,2023-04-23,49,instagram
C01545,Ahmedabad,2023-04-25,25,referral
C01546,Bangalore,2022-10-15,22,website
C01547,Pune,2023-11-29,37,instagram
C01548,Hyderabad,2023-11-21,23,instagram
C01549,Mumbai,2023-11-09,22,referral
C01550,Chennai,2023-11-26,44,instagram
C01551,Ahmedabad,2023-06-24,47,instagram
C01552,Hyderabad,2022-11-26,32,instagram
C01553,Pune,2023-04-15,22,referral
C01554,Kolkata,2024-01-29,32,website
C01555,Delhi,2023-06-18,45,instagram
C01556,Delhi,2023-04-12,31,website
C01557,Hyderabad,2023-02-24,35,modern_trade
C01558,Bangalore,2023-08-31,35,website
C01559,Pune,2022-05-02,28,instagram
C01560,Jaipur,2024-02-01,44,referral
C01561,Delhi,2022-11-04,43,website
C01562,Delhi,2022-11-30,48,distributor
C01563,Pune,2023-02-24,23,distributor
C01564,Delhi,2022-11-22,40,referral
C01565,Pune,2023-10-11,28,website
C01566,Bangalore,2024-02-28,33,modern_trade
C01567,Chennai,2023-07-27,24,modern_trade
C01568,Mumbai,2022-09-07,26,referral
C01569,Chennai,2022-04-05,29,instagram
C01570,Bangalore,2022-10-23,35,instagram
C01571,Hyderabad,2022-07-03,28,referral
C01572,Mumbai,2022-09-17,28,website
C01573,Indore,2024-03-09,53,distributor
C01574,Kolkata,2023-10-29,29,modern_trade
C01575,Delhi,2022-07-05,33,instagram
C01576,Mumbai,2023-02-13,31,website
C01577,Mumbai,2022-03-10,35,instagram
C01578,Chennai,2024-02-12,30,website
C01579,Hyderabad,2023-09-19,51,website
C01580,Hyderabad,2022-01-08,26,instagram
C01581,Delhi,2022-09-22,22,instagram
C01582,Bangalore,2024-02-22,22,instagram
C01583,Hyderabad,2023-04-29,41,instagram
C01584,Bangalore,2024-01-31,32,modern_trade
C01585,Ahmedabad,2023-09-09,47,instagram
C01586,Mumbai,2024-02-14,24,instagram
C01587,Chennai,2024-01-06,27,instagram
C01588,Bangalore,2023-01-06,32,modern_trade
C01589,Bangalore,2024-02-22,29,referral
C01590,Indore,2023-11-08,50,instagram
C01591,Chennai,2022-03-24,31,website
C01592,Ahmedabad,2024-03-17,45,referral
C01593,Mumbai,2023-10-08,38,referral
C01594,Mumbai,2022-07-30,53,website
C01595,Indore,2022-11-09,32,instagram
C01596,Hyderabad,2023-08-27,45,modern_trade
C01597,Delhi,2022-12-03,26,website
C01598,Mumbai,2023-05-05,50,website
C01599,Mumbai,2023-02-07,37,instagram
C01600,Kolkata,2023-10-01,46,modern_trade
C01601,Mumbai,2022-07-10,29,website
C01602,Delhi,2023-11-02,50,instagram
C01603,Delhi,2022-12-01,46,instagram
C01604,Delhi,2023-06-06,44,referral
C01605,Mumbai,2023-09-11,24,modern_trade
C01606,Bangalore,2022-03-28,51,distributor
C01607,Mumbai,2023-08-02,53,website
C01608,Pune,2022-03-03,50,website
C01609,Delhi,2023-01-22,30,instagram
C01610,Hyderabad,2022-05-26,23,website
C01611,Kolkata,2022-06-02,28,distributor
C01612,Chennai,2023-09-11,26,referral
C01613,Hyderabad,2023-10-22,29,instagram
C01614,Delhi,2023-11-29,53,instagram
C01615,Delhi,2022-12-15,39,instagram
C01616,Chennai,2022-06-27,39,website
C01617,Ahmedabad,2023-05-02,37,distributor
C01618,Chennai,2024-02-17,42,instagram
C01619,Hyderabad,2023-10-23,31,referral
C01620,Indore,2022-09-04,25,referral
C01621,Bangalore,2022-09-11,29,distributor
C01622,Mumbai,2023-05-15,40,referral
C01623,Hyderabad,2023-06-25,30,instagram
C01624,Ahmedabad,2022-12-18,51,instagram
C01625,Mumbai,2023-05-27,38,referral
C01626,Chennai,2024-02-17,36,modern_trade
C01627,Delhi,2022-01-13,25,instagram
C01628,Hyderabad,2023-07-13,27,website
C01629,Mumbai,2022-05-31,37,website
C01630,Bangalore,2022-02-19,47,referral
C01631,Indore,2022-08-03,44,instagram
C01632,Delhi,2023-10-06,34,distributor
C01633,Chennai,2023-01-07,38,website
C01634,Pune,2022-04-23,48,website
C01635,Jaipur,2022-09-09,43,website
C01636,Delhi,2022-12-07,40,distributor
C01637,Bangalore,2022-02-22,34,referral
C01638,Mumbai,2022-05-10,35,referral
C01639,Ahmedabad,2022-07-12,52,referral
C01640,Jaipur,2023-08-14,23,referral
C01641,Hyderabad,2022-02-26,35,instagram
C01642,Kolkata,2022-04-07,30,distributor
C01643,Hyderabad,2022-07-17,31,modern_trade
C01644,Chennai,2023-10-09,28,referral
C01645,Mumbai,2022-05-27,49,referral
C01646,Indore,2023-11-15,46,instagram
C01647,Mumbai,2023-07-29,49,modern_trade
C01648,Pune,2023-07-31,23,referral
C01649,Pune,2022-10-22,38,website
C01650,Chennai,2023-12-24,25,distributor
C01651,Mumbai,2023-09-13,34,referral
C01652,Delhi,2024-03-04,39,modern_trade
C01653,Delhi,2023-11-15,24,referral
C01654,Delhi,2022-01-12,54,website
C01655,Mumbai,2022-11-29,45,referral
C01656,Jaipur,2022-08-08,29,referral
C01657,Hyderabad,2023-02-02,23,distributor
C01658,Delhi,2022-12-08,54,website
C01659,Bangalore,2024-03-08,33,referral
C01660,Bangalore,2023-05-27,43,instagram
C01661,Hyderabad,2022-06-21,34,instagram
C01662,Bangalore,2023-04-13,31,website
C01663,Jaipur,2024-01-18,38,referral
C01664,Bangalore,2022-06-15,26,modern_trade
C01665,Ahmedabad,2023-11-30,30,referral
C01666,Kolkata,2022-06-19,34,referral
C01667,Delhi,2023-07-18,44,modern_trade
C01668,Jaipur,2023-05-27,51,referral
C01669,Mumbai,2022-07-08,25,modern_trade
C01670,Pune,2022-04-30,42,website
C01671,Bangalore,2022-04-15,30,instagram
C01672,Kolkata,2023-11-05,28,website
C01673,Kolkata,2024-03-17,37,instagram
C01674,Pune,2022-02-10,44,referral
C01675,Pune,2023-11-08,44,instagram
C01676,Delhi,2022-11-17,52,website
C01677,Mumbai,2022-12-01,26,instagram
C01678,Bangalore,2022-06-09,27,instagram
C01679,Mumbai,2022-09-21,22,referral
C01680,Chennai,2023-06-14,49,instagram
C01681,Delhi,2023-11-16,39,instagram
C01682,Ahmedabad,2023-04-22,45,referral
C01683,Chennai,2022-12-18,34,instagram
C01684,Pune,2023-06-29,54,instagram
C01685,Mumbai,2024-02-12,31,instagram
C01686,Kolkata,2022-07-29,28,modern_trade
C01687,Jaipur,2023-05-11,53,website
C01688,Bangalore,2023-01-17,43,referral
C01689,Hyderabad,2023-11-07,37,distributor
C01690,Indore,2023-04-26,45,instagram
C01691,Mumbai,2022-01-05,35,referral
C01692,Bangalore,2022-02-03,32,modern_trade
C01693,Bangalore,2024-03-02,40,website
C01694,Mumbai,2022-05-25,44,distributor
C01695,Delhi,2022-12-17,34,distributor
C01696,Mumbai,2023-08-06,49,instagram
C01697,Mumbai,2023-04-10,37,distributor
C01698,Mumbai,2022-12-14,49,distributor
C01699,Ahmedabad,2024-01-12,25,referral
C01700,Hyderabad,2022-05-05,49,distributor
C01701,Ahmedabad,2024-02-29,33,instagram
C01702,Bangalore,2022-09-28,37,website
C01703,Delhi,2022-12-23,41,instagram
C01704,Bangalore,2023-06-11,47,instagram
C01705,Bangalore,2024-01-24,47,website
C01706,Mumbai,2023-05-13,43,referral
C01707,Chennai,2022-06-02,30,website
C01708,Delhi,2022-02-22,26,website
C01709,Hyderabad,2022-05-29,38,referral
C01710,Chennai,2023-05-18,23,instagram
C01711,Mumbai,2023-03-26,28,website
C01712,Mumbai,2022-08-07,34,modern_trade
C01713,Pune,2023-09-17,41,website
C01714,Bangalore,2024-03-10,51,website
C01715,Mumbai,2022-10-04,51,website
C01716,Ahmedabad,2023-03-28,32,referral
C01717,Mumbai,2023-03-04,52,referral
C01718,Chennai,2022-03-24,24,distributor
C01719,Ahmedabad,2022-08-06,23,website
C01720,Delhi,2024-01-08,24,referral
C01721,Mumbai,2024-02-21,36,referral
C01722,Mumbai,2023-06-11,38,referral
C01723,Delhi,2023-02-08,28,website
C01724,Mumbai,2022-10-17,26,referral
C01725,Chennai,2023-02-24,54,website
C01726,Mumbai,2022-12-05,37,referral
C01727,Bangalore,2024-02-16,24,referral
C01728,Ahmedabad,2023-12-12,42,modern_trade
C01729,Pune,2023-11-01,29,referral
C01730,Hyderabad,2023-02-23,43,distributor
C01731,Delhi,2022-07-26,26,instagram
C01732,Chennai,2023-11-17,38,instagram
C01733,Hyderabad,2023-11-27,35,referral
C01734,Bangalore,2022-09-22,49,modern_trade
C01735,Mumbai,2024-01-28,52,website
C01736,Kolkata,2022-02-05,38,instagram
C01737,Bangalore,2023-01-08,43,instagram
C01738,Mumbai,2023-05-03,50,website
C01739,Delhi,2022-09-16,31,instagram
C01740,Bangalore,2023-06-15,39,referral
C01741,Pune,2022-01-23,37,referral
C01742,Indore,2022-04-14,28,website
C01743,Indore,2022-08-29,51,instagram
C01744,Mumbai,2023-12-17,40,instagram
C01745,Bangalore,2022-09-10,44,referral
C01746,Bangalore,2022-05-22,29,instagram
C01747,Mumbai,2024-03-24,38,website
C01748,Delhi,2023-10-17,42,modern_trade
C01749,Indore,2023-03-27,47,instagram
C01750,Mumbai,2024-02-22,49,instagram
C01751,Hyderabad,2022-11-03,54,instagram
C01752,Delhi,2023-05-15,40,modern_trade
C01753,Mumbai,2023-09-14,50,instagram
C01754,Delhi,2022-01-08,41,distributor
C01755,Ahmedabad,2022-03-10,41,referral
C01756,Pune,2023-12-03,31,referral
C01757,Ahmedabad,2023-11-22,33,instagram
C01758,Bangalore,2023-07-29,54,website
C01759,Mumbai,2022-03-09,46,website
C01760,Hyderabad,2023-12-19,46,referral
C01761,Bangalore,2023-02-12,25,referral
C01762,Kolkata,2023-06-02,25,referral
C01763,Mumbai,2022-04-29,30,referral
C01764,Bangalore,2022-01-31,36,referral
C01765,Mumbai,2023-06-02,47,referral
C01766,Delhi,2023-04-28,36,website
C01767,Indore,2022-07-26,47,instagram
C01768,Bangalore,2023-10-31,49,referral
C01769,Delhi,2023-08-02,28,referral
C01770,Bangalore,2023-01-22,53,instagram
C01771,Bangalore,2023-02-16,33,referral
C01772,Pune,2023-01-05,53,instagram
C01773,Kolkata,2022-12-19,30,instagram
C01774,Ahmedabad,2022-12-02,35,distributor
C01775,Pune,2022-10-16,34,referral
C01776,Delhi,2022-05-20,54,referral
C01777,Chennai,2022-10-27,53,modern_trade
C01778,Bangalore,2022-01-13,40,instagram
C01779,Delhi,2023-10-26,51,modern_trade
C01780,Kolkata,2023-03-04,37,instagram
C01781,Mumbai,2023-02-04,33,website
C01782,Jaipur,2022-04-19,31,website
C01783,Bangalore,2023-04-30,23,distributor
C01784,Chennai,2022-12-22,39,website
C01785,Chennai,2022-05-29,34,referral
C01786,Kolkata,2023-12-17,50,website
C01787,Chennai,2022-11-03,45,instagram
C01788,Hyderabad,2023-06-17,33,website
C01789,Mumbai,2022-03-01,50,instagram
C01790,Bangalore,2023-03-11,43,website
C01791,Mumbai,2022-01-21,22,website
C01792,Indore,2023-01-17,54,modern_trade
C01793,Bangalore,2022-09-02,25,referral
C01794,Chennai,2022-03-14,51,modern_trade
C01795,Mumbai,2023-03-25,41,instagram
C01796,Mumbai,2022-03-17,47,instagram
C01797,Indore,2023-11-29,36,website
C01798,Mumbai,2023-08-13,28,website
C01799,Mumbai,2023-01-25,28,website
C01800,Mumbai,2023-07-31,50,website
C01801,Ahmedabad,2022-12-08,44,instagram
C01802,Indore,2022-10-17,41,website
C01803,Delhi,2023-07-22,36,instagram
C01804,Delhi,2022-11-27,54,instagram
C01805,Delhi,2022-09-16,38,instagram
C01806,Indore,2023-03-02,41,website
C01807,Chennai,2023-12-03,34,website
C01808,Mumbai,2022-01-06,45,instagram
C01809,Mumbai,2022-01-06,28,website
C01810,Mumbai,2022-07-10,29,referral
C01811,Chennai,2022-05-28,44,modern_trade
C01812,Indore,2023-02-09,35,website
C01813,Delhi,2022-09-15,25,instagram
C01814,Mumbai,2023-12-31,42,distributor
C01815,Mumbai,2023-04-24,31,instagram
C01816,Ahmedabad,2022-03-31,43,website
C01817,Delhi,2022-01-10,51,referral
C01818,Indore,2022-03-28,51,instagram
C01819,Chennai,2024-02-01,37,website
C01820,Bangalore,2022-05-31,32,instagram
C01821,Delhi,2023-09-17,43,modern_trade
C01822,Mumbai,2022-01-30,50,instagram
C01823,Hyderabad,2022-05-08,46,referral
C01824,Indore,2022-03-19,35,website
C01825,Chennai,2023-02-25,35,instagram
C01826,Hyderabad,2022-02-24,23,referral
C01827,Mumbai,2023-04-25,34,modern_trade
C01828,Ahmedabad,2022-11-01,24,website
C01829,Pune,2023-06-30,51,referral
C01830,Delhi,2022-04-15,39,website
C01831,Ahmedabad,2022-06-21,42,distributor
C01832,Hyderabad,2023-05-14,40,instagram
C01833,Hyderabad,2022-01-22,37,website
C01834,Indore,2022-10-14,49,instagram
C01835,Pune,2023-01-26,25,modern_trade
C01836,Chennai,2023-09-09,36,website
C01837,Mumbai,2022-05-29,22,modern_trade
C01838,Delhi,2022-09-29,37,distributor
C01839,Jaipur,2024-02-27,41,instagram
C01840,Delhi,2022-10-26,54,instagram
C01841,Delhi,2022-06-21,38,instagram
C01842,Bangalore,2022-02-16,26,referral
C01843,Bangalore,2023-09-18,26,website
C01844,Hyderabad,2024-02-26,34,modern_trade
C01845,Jaipur,2024-03-26,51,referral
C01846,Delhi,2022-07-26,25,referral
C01847,Mumbai,2023-03-29,44,modern_trade
C01848,Mumbai,2023-01-30,42,instagram
C01849,Kolkata,2024-01-24,42,instagram
C01850,Chennai,2022-10-28,27,website
C01851,Delhi,2023-12-09,45,referral
C01852,Pune,2023-11-07,52,distributor
C01853,Kolkata,2022-06-25,40,referral
C01854,Kolkata,2024-02-22,33,modern_trade
C01855,Jaipur,2022-04-20,35,website
C01856,Delhi,2023-11-15,33,instagram
C01857,Indore,2022-07-21,36,instagram
C01858,Bangalore,2022-06-17,40,instagram
C01859,Kolkata,2023-09-06,49,instagram
C01860,Indore,2022-03-27,26,referral
C01861,Indore,2023-10-16,26,website
C01862,Chennai,2023-12-26,27,website
C01863,Mumbai,2022-02-20,44,website
C01864,Hyderabad,2022-04-22,24,instagram
C01865,Ahmedabad,2023-04-08,54,website
C01866,Jaipur,2023-03-18,42,referral
C01867,Mumbai,2022-09-28,41,distributor
C01868,Mumbai,2023-07-31,22,distributor
C01869,Mumbai,2022-12-10,38,modern_trade
C01870,Indore,2022-07-02,50,website
C01871,Pune,2023-05-18,29,instagram
C01872,Delhi,2022-01-10,47,instagram
C01873,Bangalore,2023-05-09,49,modern_trade
C01874,Kolkata,2022-08-22,47,referral
C01875,Indore,2022-10-25,34,referral
C01876,Hyderabad,2022-09-01,34,modern_trade
C01877,Hyderabad,2023-05-24,46,website
C01878,Bangalore,2022-12-17,44,instagram
C01879,Delhi,2022-09-24,43,instagram
C01880,Hyderabad,2023-09-22,42,instagram
C01881,Chennai,2023-10-18,51,website
C01882,Kolkata,2022-07-20,32,referral
C01883,Chennai,2022-08-27,25,distributor
C01884,Indore,2022-11-30,54,website
C01885,Mumbai,2023-02-19,33,instagram
C01886,Bangalore,2023-04-29,30,instagram
C01887,Mumbai,2023-03-13,53,website
C01888,Delhi,2022-09-03,32,distributor
C01889,Indore,2022-01-08,45,instagram
C01890,Ahmedabad,2022-06-01,28,modern_trade
C01891,Mumbai,2023-01-27,29,referral
C01892,Bangalore,2022-07-30,54,instagram
C01893,Pune,2023-01-02,46,distributor
C01894,Delhi,2023-11-01,22,instagram
C01895,Hyderabad,2023-07-24,24,website
C01896,Indore,2022-03-27,49,instagram
C01897,Hyderabad,2022-02-24,54,modern_trade
C01898,Mumbai,2023-12-14,22,modern_trade
C01899,Delhi,2023-09-26,48,modern_trade
C01900,Pune,2023-03-22,31,instagram
C01901,Hyderabad,2023-09-12,33,instagram
C01902,Mumbai,2022-10-31,31,website
C01903,Indore,2022-05-12,45,instagram
C01904,Mumbai,2023-02-25,49,website
C01905,Indore,2023-01-20,43,website
C01906,Delhi,2022-07-17,37,instagram
C01907,Ahmedabad,2022-02-16,34,website
C01908,Delhi,2024-01-10,44,modern_trade
C01909,Delhi,2024-01-27,35,distributor
C01910,Mumbai,2022-07-22,53,referral
C01911,Delhi,2022-09-18,24,referral
C01912,Kolkata,2023-11-21,48,instagram
C01913,Ahmedabad,2022-01-24,40,instagram
C01914,Delhi,2023-11-18,43,referral
C01915,Bangalore,2024-02-25,22,distributor
C01916,Indore,2022-12-06,26,instagram
C01917,Kolkata,2023-02-16,54,instagram
C01918,Hyderabad,2022-09-18,40,instagram
C01919,Bangalore,2022-10-13,27,instagram
C01920,Bangalore,2023-05-28,36,instagram
C01921,Chennai,2022-03-27,54,website
C01922,Mumbai,2023-03-06,45,referral
C01923,Hyderabad,2023-08-04,48,instagram
C01924,Delhi,2022-01-31,32,instagram
C01925,Pune,2023-12-11,44,website
C01926,Mumbai,2023-08-26,54,referral
C01927,Hyderabad,2023-03-16,50,instagram
C01928,Bangalore,2022-12-15,52,distributor
C01929,Chennai,2023-02-16,22,referral
C01930,Mumbai,2023-06-12,39,website
C01931,Hyderabad,2022-11-06,39,modern_trade
C01932,Hyderabad,2023-01-31,27,referral
C01933,Hyderabad,2024-02-27,22,modern_trade
C01934,Hyderabad,2022-12-04,51,distributor
C01935,Chennai,2023-11-05,25,instagram
C01936,Pune,2023-03-13,53,modern_trade
C01937,Delhi,2023-12-05,31,instagram
C01938,Pune,2023-10-25,26,instagram
C01939,Bangalore,2022-12-31,30,modern_trade
C01940,Mumbai,2022-04-23,26,distributor
C01941,Mumbai,2024-02-24,32,website
C01942,Delhi,2022-06-25,48,instagram
C01943,Pune,2022-05-29,25,website
C01944,Chennai,2022-06-27,31,website
C01945,Pune,2023-01-17,54,instagram
C01946,Bangalore,2022-08-11,29,distributor
C01947,Bangalore,2022-09-16,45,referral
C01948,Mumbai,2024-02-24,54,instagram
C01949,Delhi,2022-07-08,40,instagram
C01950,Bangalore,2022-11-02,23,referral
C01951,Mumbai,2023-01-13,32,website
C01952,Delhi,2023-08-25,38,instagram
C01953,Hyderabad,2022-12-09,24,modern_trade
C01954,Indore,2024-02-13,43,instagram
C01955,Ahmedabad,2022-06-05,42,referral
C01956,Jaipur,2023-12-13,46,website
C01957,Chennai,2022-02-24,23,instagram
C01958,Bangalore,2024-02-05,22,website
C01959,Chennai,2023-03-18,28,modern_trade
C01960,Pune,2023-11-16,41,website
C01961,Mumbai,2022-07-19,27,website
C01962,Bangalore,2023-02-07,42,modern_trade
C01963,Pune,2023-09-06,29,distributor
C01964,Bangalore,2024-03-07,25,instagram
C01965,Hyderabad,2023-10-25,37,website
C01966,Hyderabad,2023-09-15,24,instagram
C01967,Mumbai,2024-02-17,28,instagram
C01968,Delhi,2023-08-26,23,instagram
C01969,Delhi,2022-06-26,22,distributor
C01970,Mumbai,2023-03-25,22,website
C01971,Mumbai,2024-01-13,28,instagram
C01972,Pune,2023-06-25,45,instagram
C01973,Delhi,2022-10-28,26,distributor
C01974,Bangalore,2023-12-08,42,referral
C01975,Delhi,2022-11-03,49,referral
C01976,Jaipur,2024-01-21,39,modern_trade
C01977,Delhi,2022-09-24,45,website
C01978,Bangalore,2022-08-02,53,instagram
C01979,Kolkata,2023-08-17,54,referral
C01980,Kolkata,2023-10-02,31,distributor
C01981,Mumbai,2023-04-28,30,distributor
C01982,Pune,2022-09-19,54,instagram
C01983,Bangalore,2022-03-08,54,instagram
C01984,Bangalore,2023-07-28,28,instagram
C01985,Mumbai,2022-05-13,25,website
C01986,Mumbai,2023-10-11,49,website
C01987,Indore,2023-06-24,44,instagram
C01988,Bangalore,2023-05-27,53,modern_trade
C01989,Bangalore,2022-07-30,37,website
C01990,Indore,2023-12-18,31,website
C01991,Indore,2022-09-10,35,distributor
C01992,Mumbai,2022-02-07,45,referral
C01993,Hyderabad,2022-02-12,39,referral
C01994,Mumbai,2023-09-21,37,website
C01995,Indore,2023-02-09,46,modern_trade
C01996,Chennai,2023-12-03,29,instagram
C01997,Ahmedabad,2022-02-15,45,modern_trade
C01998,Mumbai,2023-03-30,41,instagram
C01999,Mumbai,2023-11-09,51,instagram
C02000,Delhi,2022-11-01,41,instagram
C02001,Delhi,2023-12-16,39,distributor
C02002,Delhi,2022-08-21,25,website
C02003,Jaipur,2022-09-02,27,instagram
C02004,Delhi,2023-12-22,24,distributor
C02005,Delhi,2024-01-30,39,website
C02006,Indore,2022-10-22,39,modern_trade
C02007,Bangalore,2023-01-18,44,instagram
C02008,Indore,2022-06-07,27,instagram
C02009,Mumbai,2023-02-09,47,website
C02010,Bangalore,2022-01-01,42,modern_trade
C02011,Mumbai,2022-08-05,45,website
C02012,Mumbai,2023-05-22,36,website
C02013,Jaipur,2024-01-31,48,modern_trade
C02014,Mumbai,2023-08-04,53,instagram
C02015,Hyderabad,2022-01-30,33,website
C02016,Bangalore,2023-09-19,26,referral
C02017,Delhi,2023-06-04,28,instagram
C02018,Kolkata,2022-10-02,43,instagram
C02019,Mumbai,2023-05-07,48,modern_trade
C02020,Chennai,2022-02-05,36,modern_trade
C02021,Ahmedabad,2022-11-07,47,instagram
C02022,Hyderabad,2022-02-13,44,instagram
C02023,Jaipur,2022-06-04,34,instagram
C02024,Mumbai,2022-03-18,47,distributor
C02025,Bangalore,2023-08-13,24,website
C02026,Delhi,2023-09-05,50,distributor
C02027,Indore,2023-03-14,23,modern_trade
C02028,Ahmedabad,2023-03-08,49,referral
C02029,Delhi,2023-06-26,44,instagram
C02030,Chennai,2022-02-08,27,referral
C02031,Mumbai,2022-08-27,32,instagram
C02032,Hyderabad,2022-01-13,38,instagram
C02033,Bangalore,2022-05-02,24,instagram
C02034,Ahmedabad,2022-05-24,43,website
C02035,Hyderabad,2023-11-15,50,website
C02036,Delhi,2023-03-31,50,referral
C02037,Mumbai,2023-01-03,26,website
C02038,Mumbai,2024-01-29,31,instagram
C02039,Delhi,2022-09-04,31,modern_trade
C02040,Delhi,2022-02-14,30,website
C02041,Kolkata,2024-02-04,42,instagram
C02042,Hyderabad,2023-01-10,34,website
C02043,Hyderabad,2022-10-18,31,website
C02044,Mumbai,2022-07-26,32,instagram
C02045,Kolkata,2023-06-03,25,instagram
C02046,Indore,2022-08-30,52,distributor
C02047,Mumbai,2023-09-14,54,instagram
C02048,Chennai,2022-04-24,29,website
C02049,Hyderabad,2024-03-29,53,modern_trade
C02050,Mumbai,2022-10-29,54,referral
C02051,Bangalore,2022-10-03,29,instagram
C02052,Bangalore,2022-04-06,35,modern_trade
C02053,Mumbai,2022-10-21,29,referral
C02054,Jaipur,2023-12-02,28,website
C02055,Kolkata,2022-12-26,34,website
C02056,Chennai,2022-10-15,42,modern_trade
C02057,Bangalore,2022-06-03,53,distributor
C02058,Bangalore,2023-07-24,32,modern_trade
C02059,Chennai,2023-02-27,35,website
C02060,Hyderabad,2022-02-19,32,modern_trade
C02061,Mumbai,2022-07-26,23,distributor
C02062,Bangalore,2023-07-18,38,distributor
C02063,Pune,2023-10-24,35,modern_trade
C02064,Bangalore,2023-07-19,46,instagram
C02065,Mumbai,2022-08-01,48,website
C02066,Pune,2022-03-07,29,instagram
C02067,Delhi,2022-08-20,38,referral
C02068,Delhi,2024-03-21,26,instagram
C02069,Mumbai,2023-10-25,33,distributor
C02070,Delhi,2023-12-18,39,referral
C02071,Indore,2022-11-16,47,website
C02072,Bangalore,2024-02-06,52,website
C02073,Delhi,2022-05-17,27,instagram
C02074,Kolkata,2023-10-09,36,website
C02075,Kolkata,2023-07-20,47,website
C02076,Kolkata,2022-03-06,33,modern_trade
C02077,Delhi,2023-05-29,35,instagram
C02078,Bangalore,2022-05-12,22,instagram
C02079,Ahmedabad,2022-11-30,38,website
C02080,Indore,2022-02-01,54,instagram
C02081,Mumbai,2023-05-13,50,instagram
C02082,Mumbai,2022-08-31,52,instagram
C02083,Bangalore,2022-07-11,29,website
C02084,Jaipur,2022-05-22,51,instagram
C02085,Hyderabad,2023-10-22,34,website
C02086,Bangalore,2023-08-24,37,distributor
C02087,Mumbai,2023-07-15,23,modern_trade
C02088,Chennai,2023-10-10,39,referral
C02089,Pune,2022-07-10,40,referral
C02090,Bangalore,2022-05-29,34,instagram
C02091,Indore,2023-08-22,25,instagram
C02092,Ahmedabad,2023-02-20,40,instagram
C02093,Delhi,2023-06-04,46,referral
C02094,Hyderabad,2024-01-05,52,website
C02095,Delhi,2022-01-16,25,distributor
C02096,Pune,2024-03-18,28,distributor
C02097,Hyderabad,2022-04-16,37,instagram
C02098,Chennai,2022-10-10,26,website
C02099,Pune,2022-04-14,44,instagram
C02100,Bangalore,2022-12-27,53,website
C02101,Jaipur,2023-10-20,45,instagram
C02102,Hyderabad,2022-02-04,46,distributor
C02103,Mumbai,2022-04-23,49,modern_trade
C02104,Chennai,2022-11-04,40,instagram
C02105,Pune,2022-02-22,28,modern_trade
C02106,Delhi,2022-03-22,38,website
C02107,Kolkata,2023-09-08,23,referral
C02108,Jaipur,2023-01-04,37,website
C02109,Delhi,2022-08-30,39,website
C02110,Ahmedabad,2022-01-31,22,modern_trade
C02111,Mumbai,2023-12-05,24,modern_trade
C02112,Delhi,2022-12-27,42,website
C02113,Mumbai,2022-08-21,51,modern_trade
C02114,Kolkata,2023-09-02,32,distributor
C02115,Chennai,2022-02-03,43,referral
C02116,Mumbai,2022-08-31,46,instagram
C02117,Bangalore,2022-02-28,24,website
C02118,Hyderabad,2024-02-10,51,distributor
C02119,Mumbai,2023-06-13,45,instagram
C02120,Kolkata,2022-03-19,44,referral
C02121,Pune,2023-12-19,29,instagram
C02122,Bangalore,2022-10-29,25,modern_trade
C02123,Ahmedabad,2023-11-09,52,distributor
C02124,Bangalore,2024-03-13,50,referral
C02125,Ahmedabad,2022-04-22,34,referral
C02126,Chennai,2023-02-17,30,distributor
C02127,Chennai,2022-11-13,42,instagram
C02128,Mumbai,2022-05-25,24,modern_trade
C02129,Kolkata,2023-10-30,46,referral
C02130,Bangalore,2023-11-21,46,website
C02131,Mumbai,2023-10-10,33,website
C02132,Mumbai,2022-01-18,50,website
C02133,Hyderabad,2022-12-17,32,distributor
C02134,Hyderabad,2022-06-04,32,distributor
C02135,Indore,2024-02-23,47,modern_trade
C02136,Kolkata,2023-05-21,35,instagram
C02137,Mumbai,2024-02-17,37,referral
C02138,Indore,2022-12-26,31,referral
C02139,Mumbai,2022-11-28,52,distributor
C02140,Kolkata,2023-06-12,52,website
C02141,Pune,2022-01-12,31,distributor
C02142,Hyderabad,2022-03-16,47,distributor
C02143,Indore,2022-07-31,41,website
C02144,Delhi,2023-11-22,30,modern_trade
C02145,Bangalore,2023-10-03,36,distributor
C02146,Pune,2022-10-10,30,modern_trade
C02147,Bangalore,2022-07-14,28,website
C02148,Delhi,2024-02-19,47,modern_trade
C02149,Bangalore,2022-01-30,45,instagram
C02150,Pune,2022-01-09,33,website
C02151,Delhi,2022-11-05,41,instagram
C02152,Mumbai,2023-03-21,35,instagram
C02153,Indore,2022-11-06,43,modern_trade
C02154,Pune,2023-11-08,37,website
C02155,Mumbai,2023-12-06,50,instagram
C02156,Delhi,2023-03-02,53,referral
C02157,Mumbai,2024-03-27,40,distributor
C02158,Delhi,2024-02-11,53,modern_trade
C02159,Bangalore,2023-12-05,41,instagram
C02160,Indore,2023-08-14,41,distributor
C02161,Chennai,2023-11-22,29,referral
C02162,Chennai,2022-04-01,34,website
C02163,Delhi,2023-04-01,27,website
C02164,Kolkata,2023-03-20,37,distributor
C02165,Bangalore,2023-12-28,26,modern_trade
C02166,Ahmedabad,2022-03-20,27,instagram
C02167,Chennai,2023-04-20,54,website
C02168,Mumbai,2022-04-13,36,referral
C02169,Chennai,2023-09-15,36,website
C02170,Delhi,2023-04-01,35,website
C02171,Chennai,2022-11-10,26,referral
C02172,Mumbai,2022-09-04,47,referral
C02173,Mumbai,2022-08-22,38,instagram
C02174,Kolkata,2023-08-17,37,website
C02175,Delhi,2023-10-06,44,modern_trade
C02176,Pune,2022-08-23,34,referral
C02177,Delhi,2024-02-29,54,distributor
C02178,Chennai,2023-01-22,50,instagram
C02179,Chennai,2023-09-03,48,website
C02180,Bangalore,2022-02-07,36,website
C02181,Delhi,2022-06-10,30,instagram
C02182,Delhi,2023-04-07,47,instagram
C02183,Mumbai,2023-03-25,24,distributor
C02184,Delhi,2022-04-27,26,website
C02185,Chennai,2022-08-29,41,referral
C02186,Jaipur,2022-01-26,41,referral
C02187,Kolkata,2023-10-10,26,modern_trade
C02188,Indore,2023-07-16,31,referral
C02189,Pune,2024-03-16,37,modern_trade
C02190,Chennai,2022-10-25,46,referral
C02191,Delhi,2024-03-15,46,website
C02192,Jaipur,2022-06-03,51,instagram
C02193,Chennai,2024-01-02,35,modern_trade
C02194,Hyderabad,2023-10-14,43,website
C02195,Mumbai,2023-04-13,49,website
C02196,Bangalore,2022-02-18,51,instagram
C02197,Bangalore,2023-10-16,40,referral
C02198,Kolkata,2022-02-15,41,instagram
C02199,Hyderabad,2023-11-06,43,referral
C02200,Bangalore,2022-10-12,36,modern_trade
C02201,Ahmedabad,2024-02-19,32,modern_trade
C02202,Mumbai,2023-09-20,45,instagram
C02203,Bangalore,2022-03-23,27,distributor
C02204,Mumbai,2022-02-13,38,distributor
C02205,Indore,2023-12-07,49,website
C02206,Jaipur,2024-02-09,52,website
C02207,Delhi,2022-09-30,30,distributor
C02208,Kolkata,2023-01-29,31,website
C02209,Delhi,2024-02-25,42,website
C02210,Jaipur,2024-02-29,52,website
C02211,Indore,2023-08-18,50,instagram
C02212,Pune,2022-02-27,32,modern_trade
C02213,Mumbai,2023-07-19,54,website
C02214,Ahmedabad,2022-01-01,22,website
C02215,Indore,2022-08-04,42,instagram
C02216,Delhi,2022-11-13,44,referral
C02217,Pune,2022-08-16,30,referral
C02218,Delhi,2023-04-18,22,referral
C02219,Kolkata,2023-04-29,42,modern_trade
C02220,Mumbai,2024-02-05,43,instagram
C02221,Chennai,2023-11-02,25,instagram
C02222,Hyderabad,2022-10-14,22,website
C02223,Mumbai,2023-05-26,31,website
C02224,Delhi,2023-08-01,36,instagram
C02225,Mumbai,2024-03-31,50,instagram
C02226,Bangalore,2023-04-03,26,distributor
C02227,Delhi,2022-04-05,50,instagram
C02228,Hyderabad,2023-05-08,48,modern_trade
C02229,Delhi,2024-02-04,46,referral
C02230,Delhi,2022-05-30,37,website
C02231,Indore,2022-01-23,37,instagram
C02232,Mumbai,2024-01-26,46,modern_trade
C02233,Jaipur,2022-08-03,22,instagram
C02234,Kolkata,2023-02-03,26,referral
C02235,Chennai,2023-02-14,41,instagram
C02236,Hyderabad,2022-05-11,26,modern_trade
C02237,Kolkata,2022-05-28,50,modern_trade
C02238,Mumbai,2023-01-16,39,referral
C02239,Mumbai,2022-04-19,23,referral
C02240,Delhi,2023-07-06,37,modern_trade
C02241,Pune,2022-05-01,50,modern_trade
C02242,Mumbai,2022-10-22,54,website
C02243,Hyderabad,2022-04-30,37,distributor
C02244,Ahmedabad,2023-04-01,38,referral
C02245,Kolkata,2023-06-14,25,instagram
C02246,Hyderabad,2022-06-18,25,instagram
C02247,Mumbai,2023-12-11,46,website
C02248,Pune,2022-05-23,54,referral
C02249,Hyderabad,2022-02-06,35,instagram
C02250,Mumbai,2023-11-29,45,instagram
C02251,Mumbai,2022-09-18,32,website
C02252,Jaipur,2022-08-19,46,instagram
C02253,Chennai,2022-09-11,49,instagram
C02254,Pune,2022-11-25,28,distributor
C02255,Kolkata,2022-10-24,31,referral
C02256,Hyderabad,2022-01-10,52,instagram
C02257,Bangalore,2023-03-22,40,website
C02258,Bangalore,2022-08-18,39,modern_trade
C02259,Delhi,2023-06-20,27,website
C02260,Bangalore,2022-03-19,49,instagram
C02261,Indore,2023-03-01,28,modern_trade
C02262,Hyderabad,2022-07-12,33,website
C02263,Kolkata,2023-02-05,46,referral
C02264,Bangalore,2022-04-19,38,website
C02265,Hyderabad,2024-03-02,54,website
C02266,Chennai,2022-09-20,44,website
C02267,Hyderabad,2022-11-25,30,distributor
C02268,Chennai,2022-12-29,27,website
C02269,Delhi,2023-01-13,23,modern_trade
C02270,Bangalore,2024-02-19,30,website
C02271,Mumbai,2022-12-07,24,referral
C02272,Bangalore,2022-09-16,37,website
C02273,Bangalore,2022-12-01,46,instagram
C02274,Chennai,2022-03-26,45,instagram
C02275,Ahmedabad,2023-06-06,50,modern_trade
C02276,Hyderabad,2024-03-11,47,website
C02277,Indore,2024-03-24,44,instagram
C02278,Bangalore,2023-07-25,25,referral
C02279,Chennai,2022-11-04,35,instagram
C02280,Mumbai,2022-09-19,28,modern_trade
C02281,Delhi,2024-03-07,29,instagram
C02282,Delhi,2023-09-23,40,website
C02283,Bangalore,2023-11-11,23,website
C02284,Mumbai,2023-12-02,22,referral
C02285,Mumbai,2023-03-28,34,instagram
C02286,Delhi,2022-09-08,45,referral
C02287,Ahmedabad,2022-11-20,53,modern_trade
C02288,Delhi,2022-08-17,51,modern_trade
C02289,Bangalore,2023-12-03,27,website
C02290,Mumbai,2023-09-28,54,website
C02291,Hyderabad,2023-08-19,44,instagram
C02292,Delhi,2022-10-24,31,instagram
C02293,Delhi,2023-12-28,36,modern_trade
C02294,Bangalore,2022-08-25,44,modern_trade
C02295,Mumbai,2023-09-17,22,website
C02296,Mumbai,2022-08-05,29,website
C02297,Delhi,2022-09-03,24,referral
C02298,Mumbai,2023-03-24,35,instagram
C02299,Mumbai,2022-11-15,38,website
C02300,Delhi,2023-03-08,27,distributor
C02301,Pune,2023-02-08,26,referral
C02302,Hyderabad,2022-02-06,50,referral
C02303,Bangalore,2023-07-30,39,instagram
C02304,Delhi,2024-01-01,51,instagram
C02305,Jaipur,2022-12-08,36,website
C02306,Bangalore,2023-01-24,36,distributor
C02307,Mumbai,2022-02-03,37,modern_trade
C02308,Hyderabad,2022-02-08,54,modern_trade
C02309,Mumbai,2023-08-02,31,website
C02310,Delhi,2022-07-28,40,referral
C02311,Bangalore,2022-06-01,24,distributor
C02312,Kolkata,2022-12-31,25,referral
C02313,Bangalore,2022-07-18,32,distributor
C02314,Chennai,2023-08-24,54,modern_trade
C02315,Ahmedabad,2024-01-30,49,referral
C02316,Mumbai,2022-03-20,53,website
C02317,Delhi,2023-04-22,37,referral
C02318,Bangalore,2023-03-10,30,instagram
C02319,Bangalore,2024-03-07,32,referral
C02320,Bangalore,2022-02-01,27,modern_trade
C02321,Jaipur,2022-03-28,48,modern_trade
C02322,Indore,2023-07-05,33,instagram
C02323,Hyderabad,2023-01-28,43,referral
C02324,Delhi,2023-09-05,42,website
C02325,Pune,2022-09-01,54,referral
C02326,Ahmedabad,2022-08-20,38,website
C02327,Pune,2023-08-03,50,website
C02328,Mumbai,2022-07-11,31,referral
C02329,Chennai,2023-06-24,39,instagram
C02330,Mumbai,2022-09-27,34,website
C02331,Delhi,2024-01-08,48,referral
C02332,Mumbai,2022-03-18,31,instagram
C02333,Hyderabad,2024-01-05,53,referral
C02334,Chennai,2022-06-16,24,referral
C02335,Mumbai,2022-10-11,43,modern_trade
C02336,Bangalore,2023-12-05,48,website
C02337,Bangalore,2022-03-30,24,website
C02338,Delhi,2023-06-28,54,referral
C02339,Mumbai,2023-10-11,23,instagram
C02340,Bangalore,2022-06-05,32,referral
C02341,Indore,2022-09-07,31,modern_trade
C02342,Mumbai,2022-04-05,54,referral
C02343,Mumbai,2022-01-17,28,website
C02344,Delhi,2022-04-27,36,instagram
C02345,Jaipur,2022-11-29,47,distributor
C02346,Chennai,2023-06-06,32,distributor
C02347,Chennai,2022-03-21,48,instagram
C02348,Delhi,2023-10-08,28,website
C02349,Hyderabad,2023-03-08,22,instagram
C02350,Mumbai,2022-07-22,31,website
C02351,Chennai,2022-04-26,42,instagram
C02352,Jaipur,2022-08-08,36,instagram
C02353,Hyderabad,2022-09-10,51,instagram
C02354,Kolkata,2022-06-18,51,distributor
C02355,Indore,2022-11-12,29,modern_trade
C02356,Mumbai,2023-12-18,45,instagram
C02357,Jaipur,2024-03-20,40,website
C02358,Mumbai,2023-01-07,24,instagram
C02359,Hyderabad,2024-01-30,36,instagram
C02360,Mumbai,2023-08-06,27,modern_trade
C02361,Mumbai,2022-06-05,39,instagram
C02362,Bangalore,2023-09-06,40,website
C02363,Delhi,2022-01-13,51,referral
C02364,Bangalore,2023-05-23,34,instagram
C02365,Hyderabad,2023-04-10,33,referral
C02366,Mumbai,2024-02-22,33,distributor
C02367,Mumbai,2024-03-14,45,modern_trade
C02368,Hyderabad,2022-08-08,25,instagram
C02369,Delhi,2022-01-15,35,modern_trade
C02370,Indore,2024-01-20,38,distributor
C02371,Chennai,2022-04-27,24,instagram
C02372,Kolkata,2022-11-27,44,referral
C02373,Chennai,2022-02-25,34,instagram
C02374,Bangalore,2022-12-17,30,referral
C02375,Chennai,2022-05-12,42,website
C02376,Delhi,2022-08-14,29,instagram
C02377,Delhi,2022-11-04,38,instagram
C02378,Pune,2023-04-20,37,referral
C02379,Bangalore,2022-08-10,37,referral
C02380,Pune,2022-06-22,49,website
C02381,Pune,2022-12-06,37,website
C02382,Kolkata,2024-03-07,35,instagram
C02383,Jaipur,2023-05-21,41,referral
C02384,Bangalore,2024-03-31,50,instagram
C02385,Delhi,2022-06-06,24,distributor
C02386,Hyderabad,2022-05-31,31,referral
C02387,Delhi,2023-11-28,41,instagram
C02388,Hyderabad,2022-06-27,23,instagram
C02389,Chennai,2023-06-17,48,instagram
C02390,Chennai,2022-04-22,53,instagram
C02391,Delhi,2023-11-14,31,website
C02392,Mumbai,2022-05-18,38,modern_trade
C02393,Bangalore,2022-08-21,54,referral
C02394,Mumbai,2022-11-28,27,website
C02395,Kolkata,2023-06-26,39,website
C02396,Delhi,2022-11-03,30,referral
C02397,Mumbai,2022-06-10,29,instagram
C02398,Mumbai,2023-02-06,46,instagram
C02399,Chennai,2023-08-13,52,modern_trade
C02400,Chennai,2022-10-05,25,modern_trade
C02401,Delhi,2022-11-16,41,instagram
C02402,Mumbai,2023-06-17,49,instagram
C02403,Bangalore,2023-05-12,22,modern_trade
C02404,Delhi,2022-12-29,44,referral
C02405,Chennai,2023-01-07,34,modern_trade
C02406,Hyderabad,2023-10-17,37,instagram
C02407,Delhi,2022-02-05,47,distributor
C02408,Delhi,2022-10-30,52,modern_trade
C02409,Ahmedabad,2023-03-14,22,instagram
C02410,Bangalore,2023-12-27,38,website
C02411,Chennai,2022-02-01,37,instagram
C02412,Mumbai,2022-07-05,31,referral
C02413,Bangalore,2022-06-23,52,website
C02414,Mumbai,2023-07-20,31,referral
C02415,Bangalore,2023-11-04,27,website
C02416,Ahmedabad,2022-09-07,49,instagram
C02417,Bangalore,2024-02-02,49,website
C02418,Mumbai,2022-10-06,34,referral
C02419,Mumbai,2023-11-14,33,modern_trade
C02420,Bangalore,2023-11-26,23,instagram
C02421,Mumbai,2022-01-02,29,referral
C02422,Mumbai,2022-07-13,30,referral
C02423,Indore,2022-06-15,29,referral
C02424,Bangalore,2024-01-29,24,referral
C02425,Delhi,2024-01-26,30,referral
C02426,Jaipur,2022-04-20,34,distributor
C02427,Mumbai,2023-01-15,30,instagram
C02428,Ahmedabad,2023-08-06,52,modern_trade
C02429,Delhi,2023-11-07,46,website
C02430,Kolkata,2022-10-12,29,referral
C02431,Hyderabad,2023-02-25,52,website
C02432,Pune,2022-04-23,52,modern_trade
C02433,Ahmedabad,2022-08-16,38,referral
C02434,Delhi,2023-04-16,40,modern_trade
C02435,Ahmedabad,2024-03-23,24,instagram
C02436,Bangalore,2023-06-12,51,website
C02437,Bangalore,2023-05-11,31,referral
C02438,Delhi,2022-01-31,50,referral
C02439,Hyderabad,2022-06-11,39,website
C02440,Mumbai,2024-03-28,33,referral
C02441,Hyderabad,2023-12-06,44,referral
C02442,Hyderabad,2023-12-23,32,referral
C02443,Indore,2023-01-13,30,website
C02444,Pune,2023-03-22,45,website
C02445,Bangalore,2024-01-14,46,referral
C02446,Delhi,2023-03-03,46,instagram
C02447,Delhi,2023-11-27,30,modern_trade
C02448,Mumbai,2023-05-19,33,modern_trade
C02449,Mumbai,2023-06-11,32,instagram
C02450,Delhi,2024-03-27,49,instagram
C02451,Delhi,2023-12-22,29,instagram
C02452,Ahmedabad,2023-11-15,31,modern_trade
C02453,Hyderabad,2024-02-17,46,modern_trade
C02454,Delhi,2023-06-16,30,instagram
C02455,Hyderabad,2023-08-05,29,modern_trade
C02456,Mumbai,2023-06-04,24,instagram
C02457,Bangalore,2022-02-03,39,instagram
C02458,Chennai,2024-01-06,38,distributor
C02459,Bangalore,2023-11-22,49,modern_trade
C02460,Bangalore,2024-01-28,36,modern_trade
C02461,Ahmedabad,2023-05-05,40,referral
C02462,Kolkata,2024-02-11,43,referral
C02463,Chennai,2023-09-12,27,modern_trade
C02464,Hyderabad,2024-01-24,28,website
C02465,Chennai,2023-02-27,30,instagram
C02466,Delhi,2023-04-13,41,referral
C02467,Bangalore,2022-01-24,32,modern_trade
C02468,Mumbai,2022-08-04,23,distributor
C02469,Bangalore,2022-02-24,43,website
C02470,Hyderabad,2022-01-26,26,website
C02471,Delhi,2022-10-08,28,instagram
C02472,Ahmedabad,2024-03-14,27,website
C02473,Jaipur,2022-11-23,43,website
C02474,Indore,2022-07-05,31,instagram
C02475,Hyderabad,2023-05-10,41,modern_trade
C02476,Kolkata,2022-01-12,49,distributor
C02477,Mumbai,2023-10-03,44,instagram
C02478,Pune,2023-03-10,22,modern_trade
C02479,Mumbai,2022-07-27,50,website
C02480,Pune,2022-05-13,30,website
C02481,Delhi,2022-12-05,30,modern_trade
C02482,Kolkata,2022-07-15,43,instagram
C02483,Jaipur,2022-09-19,23,modern_trade
C02484,Mumbai,2022-10-09,37,referral
C02485,Bangalore,2023-01-04,27,modern_trade
C02486,Ahmedabad,2022-04-13,34,referral
C02487,Bangalore,2023-09-24,54,instagram
C02488,Kolkata,2022-07-02,40,referral
C02489,Hyderabad,2023-02-27,36,instagram
C02490,Delhi,2022-01-09,54,instagram
C02491,Delhi,2023-07-11,31,instagram
C02492,Delhi,2022-09-01,22,modern_trade
C02493,Indore,2024-02-21,33,modern_trade
C02494,Bangalore,2023-09-16,50,distributor
C02495,Bangalore,2023-07-21,38,modern_trade
C02496,Bangalore,2023-01-28,25,modern_trade
C02497,Hyderabad,2023-06-11,50,instagram
C02498,Kolkata,2022-02-06,28,modern_trade
C02499,Ahmedabad,2022-06-27,34,modern_trade
C02500,Bangalore,2023-10-01,26,instagram
C02501,Pune,2023-09-21,27,website
C02502,Indore,2022-03-13,28,referral
C02503,Hyderabad,2022-12-18,49,distributor
C02504,Ahmedabad,2023-09-15,31,website
C02505,Delhi,2022-05-29,25,distributor
C02506,Mumbai,2023-11-28,24,instagram
C02507,Kolkata,2022-04-15,46,instagram
C02508,Bangalore,2023-10-21,44,distributor
C02509,Kolkata,2022-08-09,48,instagram
C02510,Kolkata,2023-01-09,35,referral
C02511,Mumbai,2023-06-02,53,website
C02512,Kolkata,2022-09-17,44,modern_trade
C02513,Bangalore,2022-10-26,24,instagram
C02514,Bangalore,2022-02-11,34,instagram
C02515,Chennai,2024-02-10,45,website
C02516,Jaipur,2023-05-07,22,referral
C02517,Mumbai,2023-03-15,33,referral
C02518,Bangalore,2024-02-22,29,modern_trade
C02519,Chennai,2022-02-16,40,website
C02520,Indore,2022-03-26,30,modern_trade
C02521,Chennai,2023-11-17,49,instagram
C02522,Mumbai,2022-02-27,35,website
C02523,Delhi,2023-12-12,48,distributor
C02524,Delhi,2022-07-28,39,website
C02525,Pune,2022-09-05,27,instagram
C02526,Delhi,2022-07-30,54,distributor
C02527,Delhi,2022-02-08,46,website
C02528,Ahmedabad,2022-09-09,34,modern_trade
C02529,Mumbai,2023-10-05,44,instagram
C02530,Ahmedabad,2024-03-13,54,website
C02531,Chennai,2024-02-01,42,distributor
C02532,Pune,2023-02-17,38,website
C02533,Delhi,2023-03-22,31,instagram
C02534,Mumbai,2022-02-21,44,instagram
C02535,Indore,2023-01-09,23,instagram
C02536,Pune,2023-06-10,35,referral
C02537,Indore,2022-06-05,23,website
C02538,Mumbai,2023-06-26,40,instagram
C02539,Indore,2022-03-31,37,instagram
C02540,Indore,2023-11-10,46,referral
C02541,Chennai,2022-12-17,22,referral
C02542,Indore,2022-03-10,23,website
C02543,Kolkata,2022-06-12,48,website
C02544,Hyderabad,2022-08-30,23,modern_trade
C02545,Mumbai,2023-05-10,51,instagram
C02546,Bangalore,2023-01-18,31,website
C02547,Mumbai,2022-02-21,40,referral
C02548,Bangalore,2023-10-16,37,instagram
C02549,Bangalore,2022-03-04,34,website
C02550,Mumbai,2023-05-24,29,modern_trade
C02551,Delhi,2022-10-19,52,instagram
C02552,Mumbai,2022-04-01,46,instagram
C02553,Pune,2023-10-26,42,website
C02554,Jaipur,2023-02-28,50,website
C02555,Mumbai,2023-10-31,27,referral
C02556,Ahmedabad,2024-03-31,39,website
C02557,Hyderabad,2022-12-31,48,distributor
C02558,Delhi,2022-05-30,26,instagram
C02559,Mumbai,2022-09-28,28,instagram
C02560,Bangalore,2023-08-04,31,instagram
C02561,Pune,2022-04-26,31,website
C02562,Chennai,2023-12-05,49,referral
C02563,Mumbai,2023-05-31,31,distributor
C02564,Mumbai,2023-08-10,41,website
C02565,Bangalore,2024-03-20,34,referral
C02566,Delhi,2022-08-29,32,instagram
C02567,Delhi,2022-01-30,40,website
C02568,Delhi,2022-05-23,49,instagram
C02569,Pune,2022-11-22,25,distributor
C02570,Jaipur,2023-11-26,40,referral
C02571,Bangalore,2022-01-16,35,instagram
C02572,Jaipur,2022-04-21,52,website
C02573,Delhi,2023-12-14,49,instagram
C02574,Bangalore,2022-04-17,40,website
C02575,Delhi,2023-01-14,22,instagram
C02576,Chennai,2022-06-11,44,website
C02577,Ahmedabad,2022-10-10,49,website
C02578,Hyderabad,2022-09-26,25,website
C02579,Delhi,2023-04-29,39,website
C02580,Chennai,2023-10-29,46,instagram
C02581,Mumbai,2022-03-14,39,referral
C02582,Kolkata,2022-07-16,27,referral
C02583,Bangalore,2022-08-31,40,referral
C02584,Bangalore,2023-08-21,33,distributor
C02585,Hyderabad,2024-03-09,46,instagram
C02586,Chennai,2022-09-16,22,website
C02587,Mumbai,2024-03-08,26,referral
C02588,Chennai,2022-05-29,22,website
C02589,Delhi,2023-01-25,29,modern_trade
C02590,Indore,2023-02-20,39,instagram
C02591,Pune,2023-03-02,30,modern_trade
C02592,Pune,2023-12-03,26,instagram
C02593,Hyderabad,2022-08-05,25,referral
C02594,Hyderabad,2022-03-27,50,website
C02595,Mumbai,2022-08-04,22,instagram
C02596,Indore,2023-02-27,51,modern_trade
C02597,Delhi,2022-11-16,22,instagram
C02598,Bangalore,2022-04-28,24,modern_trade
C02599,Delhi,2023-02-19,43,referral
C02600,Mumbai,2023-08-22,29,website
C02601,Chennai,2022-02-09,39,distributor
C02602,Mumbai,2022-06-10,46,referral
C02603,Indore,2023-12-04,41,instagram
C02604,Delhi,2023-06-21,52,modern_trade
C02605,Mumbai,2023-02-24,51,instagram
C02606,Bangalore,2023-10-26,37,website
C02607,Mumbai,2022-04-05,23,distributor
C02608,Delhi,2023-03-18,38,website
C02609,Chennai,2023-07-12,31,instagram
C02610,Mumbai,2023-10-12,28,instagram
C02611,Pune,2023-04-11,30,instagram
C02612,Mumbai,2022-10-15,38,referral
C02613,Delhi,2023-11-07,30,instagram
C02614,Indore,2023-02-16,30,modern_trade
C02615,Delhi,2023-02-04,45,referral
C02616,Mumbai,2023-06-12,32,distributor
C02617,Delhi,2022-01-18,29,modern_trade
C02618,Delhi,2022-05-16,46,distributor
C02619,Kolkata,2023-04-09,23,instagram
C02620,Delhi,2024-01-29,31,website
C02621,Pune,2022-09-05,45,referral
C02622,Kolkata,2023-12-11,37,instagram
C02623,Bangalore,2022-01-01,40,website
C02624,Jaipur,2023-12-03,52,modern_trade
C02625,Delhi,2023-01-16,32,instagram
C02626,Ahmedabad,2023-05-24,27,instagram
C02627,Mumbai,2023-04-05,27,instagram
C02628,Chennai,2023-05-20,53,modern_trade
C02629,Bangalore,2024-03-16,34,distributor
C02630,Bangalore,2023-04-21,24,instagram
C02631,Chennai,2023-07-11,38,referral
C02632,Chennai,2022-02-01,24,distributor
C02633,Mumbai,2022-04-28,33,referral
C02634,Mumbai,2024-03-18,45,website
C02635,Indore,2022-07-03,27,instagram
C02636,Chennai,2022-07-10,32,referral
C02637,Ahmedabad,2024-01-17,48,website
C02638,Indore,2024-01-20,45,modern_trade
C02639,Ahmedabad,2023-12-29,39,instagram
C02640,Chennai,2022-03-15,48,instagram
C02641,Delhi,2023-09-15,42,referral
C02642,Mumbai,2022-04-13,54,website
C02643,Pune,2023-08-09,39,modern_trade
C02644,Chennai,2023-02-24,24,modern_trade
C02645,Mumbai,2023-04-18,45,instagram
C02646,Delhi,2024-02-03,22,modern_trade
C02647,Ahmedabad,2022-04-24,27,instagram
C02648,Bangalore,2023-01-14,40,referral
C02649,Bangalore,2022-11-09,43,modern_trade
C02650,Bangalore,2022-11-26,29,instagram
C02651,Delhi,2022-12-05,26,instagram
C02652,Delhi,2022-08-26,30,referral
C02653,Delhi,2022-06-22,42,website
C02654,Mumbai,2022-03-20,49,website
C02655,Indore,2023-04-09,25,referral
C02656,Bangalore,2023-08-28,45,modern_trade
C02657,Pune,2023-05-16,29,modern_trade
C02658,Kolkata,2023-07-16,38,modern_trade
C02659,Delhi,2022-10-12,41,referral
C02660,Chennai,2022-08-11,37,instagram
C02661,Bangalore,2023-08-16,31,instagram
C02662,Kolkata,2022-09-23,31,website
C02663,Delhi,2023-10-29,51,modern_trade
C02664,Chennai,2023-01-08,51,distributor
C02665,Hyderabad,2022-08-21,46,instagram
C02666,Delhi,2022-08-24,28,instagram
C02667,Mumbai,2023-11-02,41,instagram
C02668,Chennai,2024-02-02,38,instagram
C02669,Indore,2022-11-10,24,website
C02670,Delhi,2024-03-23,47,distributor
C02671,Chennai,2023-01-15,31,website
C02672,Bangalore,2024-03-04,35,website
C02673,Indore,2023-09-06,29,website
C02674,Mumbai,2023-07-17,48,instagram
C02675,Kolkata,2023-02-24,31,modern_trade
C02676,Delhi,2022-02-21,36,website
C02677,Delhi,2023-12-22,43,instagram
C02678,Mumbai,2024-03-29,52,website
C02679,Mumbai,2023-10-05,23,website
C02680,Bangalore,2023-05-24,52,instagram
C02681,Delhi,2024-02-21,35,instagram
C02682,Pune,2022-07-24,31,referral
C02683,Mumbai,2024-01-01,51,instagram
C02684,Delhi,2022-09-14,36,instagram
C02685,Delhi,2022-07-04,35,website
C02686,Mumbai,2022-05-25,52,referral
C02687,Mumbai,2023-11-21,50,website
C02688,Bangalore,2022-01-14,48,distributor
C02689,Bangalore,2022-09-03,42,website
C02690,Bangalore,2022-07-06,30,website
C02691,Hyderabad,2022-12-03,41,modern_trade
C02692,Hyderabad,2022-09-16,36,website
C02693,Mumbai,2022-02-09,45,instagram
C02694,Bangalore,2023-08-24,37,referral
C02695,Ahmedabad,2023-09-29,32,website
C02696,Bangalore,2023-02-22,29,website
C02697,Chennai,2022-12-17,24,distributor
C02698,Delhi,2022-01-09,40,website
C02699,Indore,2022-12-16,24,modern_trade
C02700,Indore,2022-03-25,46,instagram
C02701,Hyderabad,2023-06-17,32,website
C02702,Ahmedabad,2024-03-03,37,distributor
C02703,Mumbai,2022-12-24,38,instagram
C02704,Mumbai,2023-01-13,45,instagram
C02705,Indore,2022-06-21,38,referral
C02706,Pune,2022-01-25,41,modern_trade
C02707,Mumbai,2023-01-28,43,instagram
C02708,Delhi,2022-04-13,27,website
C02709,Mumbai,2023-12-03,28,instagram
C02710,Delhi,2022-08-24,35,referral
C02711,Indore,2023-02-14,32,distributor
C02712,Bangalore,2023-07-03,33,instagram
C02713,Delhi,2024-02-23,26,instagram
C02714,Delhi,2024-03-15,26,referral
C02715,Mumbai,2022-11-28,41,website
C02716,Delhi,2023-10-26,36,instagram
C02717,Chennai,2024-03-04,47,website
C02718,Ahmedabad,2023-06-16,54,distributor
C02719,Kolkata,2023-10-11,51,referral
C02720,Mumbai,2022-01-29,45,referral
C02721,Kolkata,2023-06-27,44,referral
C02722,Pune,2022-01-19,30,website
C02723,Pune,2022-05-28,24,instagram
C02724,Bangalore,2023-04-16,28,website
C02725,Bangalore,2023-05-06,43,distributor
C02726,Delhi,2022-10-10,35,instagram
C02727,Mumbai,2024-03-22,50,website
C02728,Delhi,2023-11-06,37,instagram
C02729,Delhi,2022-04-23,31,website
C02730,Bangalore,2023-03-31,28,referral
C02731,Indore,2023-10-24,46,website
C02732,Bangalore,2022-11-26,48,website
C02733,Mumbai,2022-09-12,36,instagram
C02734,Ahmedabad,2023-08-22,53,modern_trade
C02735,Jaipur,2023-02-03,49,website
C02736,Pune,2023-09-02,30,instagram
C02737,Ahmedabad,2023-05-23,28,distributor
C02738,Hyderabad,2023-10-06,37,instagram
C02739,Ahmedabad,2023-04-11,47,website
C02740,Mumbai,2023-02-11,38,referral
C02741,Delhi,2023-09-01,44,website
C02742,Delhi,2022-04-08,29,instagram
C02743,Mumbai,2022-10-17,23,referral
C02744,Mumbai,2024-01-09,52,instagram
C02745,Chennai,2023-10-19,53,website
C02746,Pune,2022-06-05,50,website
C02747,Hyderabad,2024-02-21,24,website
C02748,Mumbai,2022-06-11,29,modern_trade
C02749,Pune,2023-09-16,23,distributor
C02750,Chennai,2023-11-28,52,website
C02751,Bangalore,2023-12-18,41,website
C02752,Chennai,2022-04-07,50,instagram
C02753,Delhi,2023-01-12,38,modern_trade
C02754,Delhi,2023-07-21,31,modern_trade
C02755,Jaipur,2023-03-26,43,instagram
C02756,Delhi,2022-04-27,27,website
C02757,Bangalore,2023-08-28,52,distributor
C02758,Kolkata,2024-03-15,33,instagram
C02759,Chennai,2023-12-17,33,referral
C02760,Mumbai,2024-03-04,37,referral
C02761,Mumbai,2023-05-21,46,referral
C02762,Mumbai,2022-07-08,43,instagram
C02763,Chennai,2023-04-21,48,instagram
C02764,Bangalore,2022-11-19,45,instagram
C02765,Mumbai,2023-08-19,33,modern_trade
C02766,Ahmedabad,2022-06-29,39,referral
C02767,Hyderabad,2024-02-25,37,referral
C02768,Delhi,2022-06-30,25,referral
C02769,Bangalore,2023-11-24,33,instagram
C02770,Chennai,2024-03-05,54,distributor
C02771,Mumbai,2022-10-14,43,modern_trade
C02772,Delhi,2023-04-20,39,website
C02773,Pune,2023-09-10,54,referral
C02774,Bangalore,2023-10-03,48,website
C02775,Hyderabad,2022-09-19,40,referral
C02776,Bangalore,2023-06-07,35,instagram
C02777,Mumbai,2022-06-11,46,referral
C02778,Mumbai,2023-05-02,45,distributor
C02779,Bangalore,2022-06-30,44,instagram
C02780,Delhi,2023-12-26,26,website
C02781,Mumbai,2023-04-14,45,instagram
C02782,Kolkata,2024-02-25,26,instagram
C02783,Ahmedabad,2022-01-21,27,website
C02784,Pune,2022-10-02,25,instagram
C02785,Kolkata,2022-09-17,31,distributor
C02786,Delhi,2022-11-29,22,referral
C02787,Ahmedabad,2023-04-11,42,instagram
C02788,Mumbai,2022-04-26,24,website
C02789,Ahmedabad,2023-02-17,52,modern_trade
C02790,Ahmedabad,2023-06-21,48,instagram
C02791,Indore,2024-02-05,38,website
C02792,Ahmedabad,2023-12-24,44,modern_trade
C02793,Hyderabad,2024-03-27,34,instagram
C02794,Delhi,2022-09-14,48,distributor
C02795,Bangalore,2022-06-17,41,instagram
C02796,Hyderabad,2023-06-17,34,instagram
C02797,Mumbai,2023-08-21,45,website
C02798,Chennai,2022-01-15,24,instagram
C02799,Ahmedabad,2022-02-19,31,website
C02800,Mumbai,2022-10-31,22,referral
C02801,Pune,2023-05-02,34,instagram
C02802,Jaipur,2023-02-20,35,distributor
C02803,Jaipur,2022-11-01,54,website
C02804,Ahmedabad,2022-07-15,23,website
C02805,Hyderabad,2024-03-23,23,referral
C02806,Ahmedabad,2024-03-10,52,instagram
C02807,Indore,2023-01-23,25,website
C02808,Mumbai,2024-01-27,40,modern_trade
C02809,Bangalore,2023-03-31,30,instagram
C02810,Indore,2023-12-14,45,referral
C02811,Delhi,2023-12-06,34,referral
C02812,Chennai,2023-10-20,51,referral
C02813,Chennai,2022-11-06,40,modern_trade
C02814,Mumbai,2022-05-07,31,instagram
C02815,Hyderabad,2022-06-24,35,instagram
C02816,Indore,2022-05-14,41,instagram
C02817,Bangalore,2022-03-07,25,referral
C02818,Mumbai,2023-01-28,26,instagram
C02819,Mumbai,2022-12-31,53,modern_trade
C02820,Delhi,2022-10-06,27,website
C02821,Jaipur,2024-01-28,35,instagram
C02822,Delhi,2022-12-29,27,website
C02823,Chennai,2024-01-19,35,website
C02824,Delhi,2022-06-20,33,instagram
C02825,Delhi,2022-02-20,48,instagram
C02826,Kolkata,2022-11-24,47,instagram
C02827,Indore,2023-10-27,33,instagram
C02828,Mumbai,2023-08-15,29,modern_trade
C02829,Bangalore,2022-05-25,31,referral
C02830,Mumbai,2022-10-01,37,distributor
C02831,Bangalore,2022-06-04,47,modern_trade
C02832,Chennai,2023-05-23,29,instagram
C02833,Mumbai,2022-12-29,50,modern_trade
C02834,Delhi,2022-11-21,41,instagram
C02835,Bangalore,2023-10-17,38,instagram
C02836,Jaipur,2022-10-25,40,website
C02837,Ahmedabad,2023-05-09,38,referral
C02838,Mumbai,2023-06-30,22,referral
C02839,Indore,2022-10-31,50,website
C02840,Delhi,2023-04-12,35,modern_trade
C02841,Bangalore,2022-08-27,38,referral
C02842,Indore,2023-10-12,34,referral
C02843,Jaipur,2024-02-05,50,website
C02844,Ahmedabad,2023-06-01,48,website
C02845,Hyderabad,2022-06-25,54,instagram
C02846,Delhi,2023-02-14,50,distributor
C02847,Pune,2023-12-27,40,website
C02848,Delhi,2022-12-30,45,website
C02849,Hyderabad,2022-01-23,35,distributor
C02850,Delhi,2022-11-14,26,distributor
C02851,Chennai,2023-06-09,45,instagram
C02852,Delhi,2024-01-23,52,instagram
C02853,Mumbai,2022-10-03,51,modern_trade
C02854,Jaipur,2023-08-27,30,distributor
C02855,Mumbai,2023-09-12,48,website
C02856,Bangalore,2022-08-17,49,referral
C02857,Delhi,2023-10-26,47,website
C02858,Mumbai,2022-04-18,39,instagram
C02859,Mumbai,2024-03-11,29,distributor
C02860,Mumbai,2022-06-25,39,referral
C02861,Kolkata,2022-11-16,41,distributor
C02862,Delhi,2022-10-13,53,referral
C02863,Ahmedabad,2022-11-25,50,distributor
C02864,Hyderabad,2024-01-23,39,referral
C02865,Bangalore,2023-10-19,28,modern_trade
C02866,Hyderabad,2022-12-22,22,distributor
C02867,Bangalore,2022-01-14,49,website
C02868,Indore,2022-10-02,54,website
C02869,Delhi,2022-03-12,25,instagram
C02870,Delhi,2022-07-14,41,referral
C02871,Kolkata,2024-03-22,52,modern_trade
C02872,Jaipur,2023-06-07,49,instagram
C02873,Kolkata,2022-04-16,24,modern_trade
C02874,Bangalore,2024-02-09,27,website
C02875,Pune,2022-07-15,44,instagram
C02876,Bangalore,2022-05-25,28,instagram
C02877,Bangalore,2024-01-02,22,referral
C02878,Delhi,2022-12-16,27,instagram
C02879,Hyderabad,2023-02-28,45,distributor
C02880,Mumbai,2023-04-16,45,website
C02881,Delhi,2023-11-17,50,referral
C02882,Kolkata,2022-08-04,53,instagram
C02883,Delhi,2022-04-03,46,website
C02884,Mumbai,2022-09-17,31,referral
C02885,Mumbai,2023-07-29,46,instagram
C02886,Jaipur,2023-06-25,48,referral
C02887,Bangalore,2024-02-26,53,modern_trade
C02888,Bangalore,2022-10-12,33,instagram
C02889,Pune,2023-04-29,25,referral
C02890,Pune,2023-01-07,47,distributor
C02891,Delhi,2022-03-11,24,instagram
C02892,Chennai,2023-01-14,38,modern_trade
C02893,Indore,2022-10-06,30,referral
C02894,Chennai,2024-01-13,50,instagram
C02895,Mumbai,2022-10-29,22,instagram
C02896,Kolkata,2022-09-12,39,instagram
C02897,Hyderabad,2023-11-15,41,instagram
C02898,Delhi,2023-11-23,49,instagram
C02899,Bangalore,2022-09-21,37,referral
C02900,Mumbai,2023-11-26,42,instagram
C02901,Mumbai,2023-12-18,34,website
C02902,Indore,2023-02-28,53,modern_trade
C02903,Mumbai,2024-01-31,27,modern_trade
C02904,Bangalore,2022-08-01,34,website
C02905,Hyderabad,2023-11-02,34,distributor
C02906,Mumbai,2022-04-10,33,instagram
C02907,Ahmedabad,2022-04-22,54,instagram
C02908,Delhi,2022-11-04,49,instagram
C02909,Delhi,2023-11-09,24,modern_trade
C02910,Delhi,2023-04-20,39,modern_trade
C02911,Delhi,2023-07-02,47,website
C02912,Mumbai,2022-04-22,23,referral
C02913,Indore,2022-03-28,25,website
C02914,Ahmedabad,2022-07-02,49,instagram
C02915,Delhi,2023-08-20,49,referral
C02916,Chennai,2024-02-20,46,website
C02917,Indore,2022-06-14,47,instagram
C02918,Kolkata,2024-03-25,23,instagram
C02919,Bangalore,2022-03-31,51,modern_trade
C02920,Delhi,2023-03-31,42,website
C02921,Delhi,2022-08-26,44,referral
C02922,Indore,2023-06-18,54,referral
C02923,Pune,2023-11-10,23,distributor
C02924,Mumbai,2023-12-28,48,referral
C02925,Delhi,2022-02-27,43,instagram
C02926,Jaipur,2023-06-26,37,referral
C02927,Pune,2023-09-10,41,website
C02928,Ahmedabad,2023-02-06,47,instagram
C02929,Indore,2023-11-10,37,referral
C02930,Bangalore,2023-10-28,27,referral
C02931,Hyderabad,2023-06-03,44,referral
C02932,Chennai,2022-07-16,29,referral
C02933,Mumbai,2022-02-15,27,website
C02934,Hyderabad,2023-06-14,43,distributor
C02935,Chennai,2023-02-01,27,distributor
C02936,Mumbai,2023-10-27,53,website
C02937,Pune,2024-02-15,38,website
C02938,Hyderabad,2022-03-15,38,modern_trade
C02939,Ahmedabad,2023-02-20,44,modern_trade
C02940,Mumbai,2023-10-19,34,modern_trade
C02941,Delhi,2023-09-06,53,instagram
C02942,Hyderabad,2022-12-01,43,instagram
C02943,Delhi,2023-09-25,28,distributor
C02944,Indore,2023-11-19,43,distributor
C02945,Indore,2023-07-29,42,website
C02946,Mumbai,2022-10-23,27,distributor
C02947,Bangalore,2022-03-25,35,modern_trade
C02948,Bangalore,2022-01-15,37,website
C02949,Delhi,2022-05-14,24,referral
C02950,Jaipur,2023-04-23,30,website
C02951,Pune,2023-09-25,42,website
C02952,Chennai,2022-11-15,51,distributor
C02953,Indore,2023-01-27,51,referral
C02954,Bangalore,2023-04-24,53,modern_trade
C02955,Jaipur,2023-10-02,44,modern_trade
C02956,Chennai,2023-01-03,24,instagram
C02957,Indore,2023-01-02,22,instagram
C02958,Kolkata,2022-10-15,24,website
C02959,Delhi,2024-03-23,28,instagram
C02960,Pune,2023-01-13,24,website
C02961,Mumbai,2023-11-23,24,instagram
C02962,Delhi,2023-04-08,25,referral
C02963,Delhi,2023-08-17,52,instagram
C02964,Ahmedabad,2022-01-13,23,instagram
C02965,Kolkata,2023-06-20,35,instagram
C02966,Chennai,2022-06-17,52,distributor
C02967,Indore,2022-09-27,23,referral
C02968,Hyderabad,2022-03-11,52,distributor
C02969,Jaipur,2022-11-14,43,distributor
C02970,Bangalore,2023-01-11,31,distributor
C02971,Bangalore,2022-03-30,51,referral
C02972,Mumbai,2023-12-02,54,modern_trade
C02973,Pune,2022-09-14,40,instagram
C02974,Indore,2022-08-05,46,instagram
C02975,Bangalore,2023-03-26,22,modern_trade
C02976,Mumbai,2023-06-28,53,instagram
C02977,Pune,2022-05-21,46,distributor
C02978,Mumbai,2022-06-10,38,website
C02979,Chennai,2022-02-01,35,referral
C02980,Ahmedabad,2022-06-01,34,instagram
C02981,Bangalore,2022-09-17,23,website
C02982,Delhi,2023-12-29,53,website
C02983,Chennai,2022-10-06,53,website
C02984,Pune,2022-10-12,27,referral
C02985,Hyderabad,2023-09-02,46,instagram
C02986,Ahmedabad,2023-06-26,24,referral
C02987,Mumbai,2023-08-25,39,referral
C02988,Bangalore,2022-05-28,24,instagram
C02989,Indore,2023-10-18,26,instagram
C02990,Kolkata,2022-03-08,45,referral
C02991,Mumbai,2023-07-24,45,website
C02992,Pune,2024-03-03,49,website
C02993,Hyderabad,2022-10-06,37,instagram
C02994,Bangalore,2024-01-18,28,website
C02995,Mumbai,2023-03-19,39,website
C02996,Kolkata,2023-02-03,27,website
C02997,Mumbai,2022-05-08,49,website
C02998,Delhi,2022-12-03,50,referral
C02999,Delhi,2023-04-27,25,instagram
C03000,Kolkata,2023-12-22,35,referral
C03001,Chennai,2022-07-05,26,referral
C03002,Pune,2022-06-18,46,website
C03003,Delhi,2023-11-15,29,modern_trade
C03004,Chennai,2022-09-17,36,referral
C03005,Hyderabad,2023-12-18,40,website
C03006,Pune,2023-10-09,32,modern_trade
C03007,Jaipur,2023-07-12,41,instagram
C03008,Mumbai,2023-05-22,39,distributor
C03009,Chennai,2023-06-05,35,instagram
C03010,Mumbai,2023-04-16,46,distributor
C03011,Hyderabad,2022-06-10,37,instagram
C03012,Delhi,2022-10-16,39,referral
C03013,Delhi,2022-12-06,22,website
C03014,Delhi,2023-05-17,22,distributor
C03015,Chennai,2022-04-16,22,instagram
C03016,Delhi,2024-03-12,42,modern_trade
C03017,Indore,2023-04-20,46,website
C03018,Bangalore,2023-08-23,48,instagram
C03019,Mumbai,2023-04-08,31,referral
C03020,Pune,2023-04-28,33,referral
C03021,Delhi,2023-12-05,49,referral
C03022,Bangalore,2022-06-02,53,modern_trade
C03023,Chennai,2023-10-11,54,distributor
C03024,Delhi,2024-02-24,29,website
C03025,Mumbai,2022-05-29,47,distributor
C03026,Delhi,2022-07-07,23,instagram
C03027,Jaipur,2023-10-15,27,instagram
C03028,Chennai,2022-05-11,52,modern_trade
C03029,Chennai,2023-03-28,44,modern_trade
C03030,Chennai,2023-05-31,33,instagram
C03031,Mumbai,2023-05-06,49,referral
C03032,Bangalore,2023-04-21,36,modern_trade
C03033,Indore,2022-09-20,40,instagram
C03034,Mumbai,2023-06-22,33,instagram
C03035,Delhi,2023-04-04,23,website
C03036,Delhi,2023-06-20,32,distributor
C03037,Bangalore,2024-02-17,46,modern_trade
C03038,Ahmedabad,2024-01-11,42,modern_trade
C03039,Mumbai,2024-02-20,30,referral
C03040,Bangalore,2023-09-29,33,website
C03041,Mumbai,2023-11-15,31,instagram
C03042,Ahmedabad,2024-01-16,26,distributor
C03043,Mumbai,2022-10-22,54,referral
C03044,Bangalore,2023-03-11,26,website
C03045,Indore,2022-10-02,37,modern_trade
C03046,Chennai,2023-08-11,50,instagram
C03047,Bangalore,2022-11-04,39,distributor
C03048,Delhi,2023-12-27,50,referral
C03049,Bangalore,2023-01-11,27,referral
C03050,Delhi,2022-06-07,39,instagram
C03051,Delhi,2024-03-24,53,modern_trade
C03052,Bangalore,2022-07-23,52,modern_trade
C03053,Delhi,2023-10-23,32,instagram
C03054,Delhi,2022-03-16,47,instagram
C03055,Chennai,2023-01-15,49,distributor
C03056,Ahmedabad,2024-01-11,48,instagram
C03057,Hyderabad,2022-10-31,40,website
C03058,Mumbai,2022-03-03,48,website
C03059,Mumbai,2023-07-24,41,modern_trade
C03060,Ahmedabad,2024-02-25,24,website
C03061,Delhi,2022-04-18,37,referral
C03062,Mumbai,2022-07-06,50,distributor
C03063,Hyderabad,2022-08-17,36,instagram
C03064,Chennai,2022-02-17,51,instagram
C03065,Chennai,2022-09-25,22,instagram
C03066,Delhi,2023-12-28,50,distributor
C03067,Mumbai,2024-03-12,51,website
C03068,Ahmedabad,2022-09-11,53,instagram
C03069,Delhi,2022-03-28,31,website
C03070,Chennai,2022-06-30,48,referral
C03071,Chennai,2022-01-25,29,distributor
C03072,Hyderabad,2023-01-23,46,instagram
C03073,Delhi,2022-08-10,41,website
C03074,Delhi,2023-02-01,38,website
C03075,Hyderabad,2023-05-26,44,instagram
C03076,Kolkata,2023-07-15,46,modern_trade
C03077,Jaipur,2023-03-16,52,instagram
C03078,Mumbai,2022-06-24,27,website
C03079,Mumbai,2022-11-07,25,modern_trade
C03080,Jaipur,2022-10-01,41,website
C03081,Indore,2022-02-04,22,instagram
C03082,Kolkata,2022-08-05,47,distributor
C03083,Delhi,2023-12-22,31,instagram
C03084,Hyderabad,2023-11-03,44,website
C03085,Chennai,2023-02-12,45,modern_trade
C03086,Chennai,2023-06-03,34,distributor
C03087,Bangalore,2022-09-26,50,website
C03088,Mumbai,2023-09-30,48,instagram
C03089,Hyderabad,2023-04-20,52,modern_trade
C03090,Delhi,2022-11-21,31,instagram
C03091,Bangalore,2022-12-22,52,instagram
C03092,Ahmedabad,2022-03-31,31,distributor
C03093,Bangalore,2022-02-11,45,website
C03094,Pune,2022-12-31,54,instagram
C03095,Mumbai,2023-11-02,35,website
C03096,Chennai,2022-07-21,38,instagram
C03097,Ahmedabad,2023-01-01,42,instagram
C03098,Mumbai,2024-03-04,53,instagram
C03099,Mumbai,2022-10-15,24,modern_trade
C03100,Bangalore,2023-08-26,36,modern_trade
C03101,Mumbai,2023-04-26,29,website
C03102,Indore,2023-09-29,53,instagram
C03103,Jaipur,2023-05-16,47,website
C03104,Bangalore,2023-09-30,51,referral
C03105,Delhi,2022-02-21,30,website
C03106,Bangalore,2022-04-13,53,modern_trade
C03107,Indore,2022-12-27,32,referral
C03108,Mumbai,2023-02-28,43,website
C03109,Hyderabad,2023-11-30,39,distributor
C03110,Hyderabad,2022-07-24,40,referral
C03111,Chennai,2022-01-14,39,website
C03112,Delhi,2023-09-08,39,website
C03113,Indore,2023-09-21,33,instagram
C03114,Mumbai,2023-04-15,25,website
C03115,Mumbai,2023-04-11,48,website
C03116,Kolkata,2022-10-31,26,instagram
C03117,Indore,2023-08-28,27,instagram
C03118,Mumbai,2023-03-03,34,distributor
C03119,Delhi,2023-10-18,44,website
C03120,Delhi,2022-04-20,46,instagram
C03121,Delhi,2023-11-06,25,instagram
C03122,Delhi,2023-07-19,53,website
C03123,Mumbai,2023-05-30,36,instagram
C03124,Bangalore,2022-03-09,47,instagram
C03125,Indore,2022-09-03,32,modern_trade
C03126,Hyderabad,2023-01-24,30,website
C03127,Chennai,2023-10-12,32,referral
C03128,Mumbai,2022-11-04,23,instagram
C03129,Ahmedabad,2022-12-18,48,referral
C03130,Pune,2024-03-09,47,instagram
C03131,Pune,2022-03-07,29,referral
C03132,Pune,2023-04-05,42,instagram
C03133,Jaipur,2022-12-13,42,instagram
C03134,Hyderabad,2022-11-21,29,referral
C03135,Delhi,2023-10-29,22,distributor
C03136,Hyderabad,2023-08-22,34,instagram
C03137,Indore,2022-02-02,30,referral
C03138,Indore,2022-03-09,49,referral
C03139,Hyderabad,2022-07-06,27,referral
C03140,Mumbai,2022-07-11,44,modern_trade
C03141,Delhi,2022-08-01,38,referral
C03142,Jaipur,2023-08-23,30,modern_trade
C03143,Hyderabad,2023-03-04,33,instagram
C03144,Hyderabad,2022-12-17,43,modern_trade
C03145,Delhi,2022-04-18,33,instagram
C03146,Delhi,2022-08-28,27,instagram
C03147,Kolkata,2022-08-04,30,instagram
C03148,Chennai,2022-06-26,24,instagram
C03149,Pune,2023-07-19,29,website
C03150,Bangalore,2022-11-26,31,referral
C03151,Chennai,2023-07-15,30,website
C03152,Delhi,2023-09-18,35,instagram
C03153,Chennai,2023-03-26,48,referral
C03154,Bangalore,2023-08-30,53,referral
C03155,Bangalore,2023-03-23,25,website
C03156,Chennai,2023-06-21,23,instagram
C03157,Jaipur,2023-10-06,54,instagram
C03158,Mumbai,2022-06-28,42,referral
C03159,Pune,2023-01-30,22,modern_trade
C03160,Delhi,2022-05-25,32,website
C03161,Bangalore,2022-07-17,22,instagram
C03162,Mumbai,2022-03-25,32,instagram
C03163,Delhi,2023-10-31,28,instagram
C03164,Bangalore,2022-03-26,23,referral
C03165,Mumbai,2023-04-02,36,website
C03166,Bangalore,2023-04-21,29,instagram
C03167,Jaipur,2022-09-10,47,referral
C03168,Mumbai,2022-03-13,42,website
C03169,Indore,2022-08-11,29,referral
C03170,Bangalore,2022-10-03,53,instagram
C03171,Chennai,2024-03-05,29,referral
C03172,Delhi,2024-02-15,31,referral
C03173,Mumbai,2022-09-03,44,modern_trade
C03174,Mumbai,2022-12-07,25,modern_trade
C03175,Mumbai,2023-07-27,51,instagram
C03176,Mumbai,2023-04-16,44,instagram
C03177,Chennai,2023-03-30,26,referral
C03178,Kolkata,2024-02-10,42,referral
C03179,Pune,2022-01-07,27,distributor
C03180,Chennai,2022-07-07,38,referral
C03181,Mumbai,2022-01-04,46,modern_trade
C03182,Delhi,2024-01-13,45,website
C03183,Delhi,2023-10-07,43,modern_trade
C03184,Delhi,2022-05-05,34,website
C03185,Bangalore,2022-01-15,38,website
C03186,Hyderabad,2023-06-09,35,website
C03187,Delhi,2023-09-22,47,modern_trade
C03188,Delhi,2022-08-28,40,instagram
C03189,Pune,2024-02-14,47,distributor
C03190,Pune,2022-12-26,24,website
C03191,Delhi,2023-06-02,23,referral
C03192,Jaipur,2022-11-16,49,distributor
C03193,Ahmedabad,2022-08-19,23,modern_trade
C03194,Delhi,2022-01-30,43,modern_trade
C03195,Delhi,2023-06-18,28,instagram
C03196,Bangalore,2022-06-05,25,distributor
C03197,Jaipur,2023-09-22,41,website
C03198,Kolkata,2023-12-06,27,website
C03199,Mumbai,2023-02-03,30,distributor
C03200,Bangalore,2022-12-12,52,instagram
C03201,Hyderabad,2022-07-14,47,instagram
C03202,Bangalore,2022-06-17,47,website
C03203,Mumbai,2023-01-12,49,instagram
C03204,Kolkata,2023-05-04,26,website
C03205,Chennai,2024-01-21,31,instagram
C03206,Pune,2022-12-28,39,instagram
C03207,Kolkata,2023-04-27,36,referral
C03208,Indore,2022-09-01,54,referral
C03209,Bangalore,2023-08-04,26,instagram
C03210,Hyderabad,2023-08-30,43,instagram
C03211,Mumbai,2023-08-12,43,referral
C03212,Chennai,2022-06-20,43,modern_trade
C03213,Mumbai,2023-05-28,36,modern_trade
C03214,Chennai,2023-02-10,38,instagram
C03215,Delhi,2023-07-28,49,website
C03216,Mumbai,2022-07-26,43,instagram
C03217,Mumbai,2022-06-03,42,referral
C03218,Mumbai,2024-02-25,38,distributor
C03219,Indore,2022-02-17,26,referral
C03220,Indore,2023-10-11,39,referral
C03221,Bangalore,2022-01-01,38,instagram
C03222,Mumbai,2024-01-17,25,distributor
C03223,Mumbai,2024-02-07,28,referral
C03224,Mumbai,2023-02-11,46,website
C03225,Mumbai,2022-04-17,30,referral
C03226,Kolkata,2022-06-22,40,instagram
C03227,Delhi,2023-05-21,30,modern_trade
C03228,Delhi,2022-05-10,44,instagram
C03229,Mumbai,2023-02-02,52,website
C03230,Delhi,2022-10-21,53,website
C03231,Bangalore,2023-07-06,52,instagram
C03232,Hyderabad,2023-03-23,38,instagram
C03233,Delhi,2022-01-16,43,website
C03234,Mumbai,2023-10-01,51,referral
C03235,Bangalore,2022-12-15,47,instagram
C03236,Delhi,2022-07-22,27,instagram
C03237,Delhi,2022-05-14,53,modern_trade
C03238,Ahmedabad,2024-02-10,46,modern_trade
C03239,Hyderabad,2023-06-10,34,modern_trade
C03240,Hyderabad,2023-05-23,23,referral
C03241,Bangalore,2022-03-07,26,website
C03242,Bangalore,2023-04-25,32,instagram
C03243,Hyderabad,2023-04-04,32,instagram
C03244,Chennai,2022-12-08,45,modern_trade
C03245,Chennai,2023-12-08,35,modern_trade
C03246,Mumbai,2023-09-18,51,modern_trade
C03247,Bangalore,2022-06-08,42,referral
C03248,Bangalore,2022-06-10,26,modern_trade
C03249,Kolkata,2022-09-11,23,distributor
C03250,Chennai,2023-06-11,32,referral
C03251,Hyderabad,2023-07-03,32,instagram
C03252,Mumbai,2022-06-04,30,referral
C03253,Hyderabad,2023-05-01,27,instagram
C03254,Mumbai,2023-03-08,53,modern_trade
C03255,Delhi,2022-01-27,33,referral
C03256,Mumbai,2022-01-12,53,website
C03257,Chennai,2022-03-08,38,website
C03258,Delhi,2023-06-26,25,website
C03259,Bangalore,2022-04-06,54,instagram
C03260,Kolkata,2022-08-03,30,distributor
C03261,Delhi,2022-07-13,51,instagram
C03262,Bangalore,2023-10-09,41,modern_trade
C03263,Bangalore,2022-10-17,44,modern_trade
C03264,Mumbai,2023-06-28,44,instagram
C03265,Pune,2022-02-08,44,distributor
C03266,Mumbai,2022-07-25,44,referral
C03267,Bangalore,2023-07-09,49,website
C03268,Hyderabad,2023-04-29,40,website
C03269,Chennai,2022-12-03,51,website
C03270,Chennai,2023-05-11,42,instagram
C03271,Delhi,2024-02-10,45,modern_trade
C03272,Mumbai,2022-09-06,42,website
C03273,Indore,2022-03-15,47,instagram
C03274,Hyderabad,2023-01-08,47,website
C03275,Pune,2024-03-18,54,website
C03276,Pune,2024-02-25,25,website
C03277,Kolkata,2023-12-03,30,instagram
C03278,Bangalore,2022-05-18,29,referral
C03279,Delhi,2023-04-02,23,instagram
C03280,Pune,2024-03-24,50,referral
C03281,Bangalore,2023-03-20,44,distributor
C03282,Mumbai,2022-12-19,27,instagram
C03283,Kolkata,2024-03-04,42,instagram
C03284,Kolkata,2023-02-15,43,modern_trade
C03285,Bangalore,2023-11-09,30,instagram
C03286,Mumbai,2024-02-29,47,instagram
C03287,Bangalore,2023-06-22,22,website
C03288,Pune,2023-03-29,26,modern_trade
C03289,Jaipur,2023-02-23,43,modern_trade
C03290,Delhi,2023-03-26,25,modern_trade
C03291,Mumbai,2023-08-08,23,referral
C03292,Kolkata,2022-04-25,37,modern_trade
C03293,Bangalore,2022-02-20,37,instagram
C03294,Hyderabad,2023-01-04,43,referral
C03295,Ahmedabad,2023-11-14,22,referral
C03296,Mumbai,2024-02-19,36,instagram
C03297,Chennai,2023-05-30,45,referral
C03298,Mumbai,2022-07-29,25,website
C03299,Delhi,2024-03-23,39,website
C03300,Pune,2023-09-19,38,referral
C03301,Bangalore,2023-11-10,28,website
C03302,Ahmedabad,2023-03-11,31,website
C03303,Hyderabad,2024-02-16,22,instagram
C03304,Delhi,2022-08-15,23,referral
C03305,Delhi,2023-10-25,43,instagram
C03306,Delhi,2022-09-25,53,instagram
C03307,Delhi,2022-04-26,50,modern_trade
C03308,Mumbai,2023-08-23,38,instagram
C03309,Delhi,2024-01-24,33,instagram
C03310,Bangalore,2022-12-26,45,instagram
C03311,Indore,2022-11-25,51,modern_trade
C03312,Chennai,2022-02-09,51,instagram
C03313,Chennai,2022-07-01,41,website
C03314,Mumbai,2023-05-05,28,instagram
C03315,Delhi,2022-07-28,28,modern_trade
C03316,Chennai,2022-09-30,51,distributor
C03317,Bangalore,2022-04-29,33,referral
C03318,Mumbai,2023-01-17,52,modern_trade
C03319,Pune,2023-06-20,39,website
C03320,Indore,2022-09-15,23,modern_trade
C03321,Hyderabad,2023-04-28,54,modern_trade
C03322,Mumbai,2023-05-24,32,instagram
C03323,Indore,2022-04-02,37,referral
C03324,Hyderabad,2022-06-10,54,distributor
C03325,Pune,2022-05-29,42,referral
C03326,Indore,2022-04-27,41,distributor
C03327,Pune,2023-04-03,29,website
C03328,Bangalore,2023-07-19,47,referral
C03329,Mumbai,2024-03-24,54,website
C03330,Chennai,2022-02-14,47,modern_trade
C03331,Chennai,2024-02-16,51,referral
C03332,Indore,2024-02-13,52,instagram
C03333,Mumbai,2024-03-29,54,website
C03334,Mumbai,2022-08-22,32,distributor
C03335,Kolkata,2023-01-10,26,website
C03336,Indore,2023-07-01,23,instagram
C03337,Jaipur,2022-07-16,34,instagram
C03338,Indore,2022-01-25,39,distributor
C03339,Hyderabad,2023-01-30,47,instagram
C03340,Chennai,2023-12-15,46,website
C03341,Kolkata,2024-02-24,35,instagram
C03342,Hyderabad,2022-02-05,26,instagram
C03343,Chennai,2023-04-19,23,referral
C03344,Mumbai,2022-08-11,25,instagram
C03345,Bangalore,2024-02-28,33,modern_trade
C03346,Indore,2023-06-14,32,referral
C03347,Delhi,2022-07-07,25,referral
C03348,Delhi,2023-02-06,30,referral
C03349,Delhi,2022-09-14,31,distributor
C03350,Delhi,2023-10-16,48,website
C03351,Delhi,2022-05-16,27,instagram
C03352,Bangalore,2024-03-29,36,instagram
C03353,Jaipur,2023-08-14,52,website
C03354,Bangalore,2023-03-20,43,modern_trade
C03355,Mumbai,2023-02-22,27,referral
C03356,Mumbai,2022-10-19,54,instagram
C03357,Chennai,2023-07-28,50,website
C03358,Bangalore,2022-05-09,42,website
C03359,Pune,2022-12-07,51,website
C03360,Chennai,2024-03-20,42,instagram
C03361,Pune,2022-09-14,43,instagram
C03362,Delhi,2023-12-25,41,instagram
C03363,Chennai,2023-07-20,43,instagram
C03364,Delhi,2023-11-18,32,distributor
C03365,Jaipur,2022-04-10,52,instagram
C03366,Chennai,2022-02-08,34,website
C03367,Delhi,2022-09-20,39,website
C03368,Delhi,2022-05-30,43,referral
C03369,Mumbai,2023-09-25,38,modern_trade
C03370,Chennai,2023-11-21,46,website
C03371,Delhi,2024-03-23,53,distributor
C03372,Hyderabad,2022-11-26,36,instagram
C03373,Delhi,2022-04-30,34,instagram
C03374,Chennai,2023-08-07,47,instagram
C03375,Pune,2022-08-07,32,instagram
C03376,Indore,2024-03-24,34,referral
C03377,Indore,2022-05-03,54,modern_trade
C03378,Mumbai,2022-09-01,22,instagram
C03379,Mumbai,2023-08-10,48,distributor
C03380,Chennai,2023-06-02,53,referral
C03381,Delhi,2022-01-21,36,website
C03382,Bangalore,2022-07-09,52,instagram
C03383,Mumbai,2022-08-13,27,instagram
C03384,Delhi,2023-09-07,46,modern_trade
C03385,Mumbai,2023-04-11,39,instagram
C03386,Kolkata,2022-04-09,43,modern_trade
C03387,Delhi,2022-12-29,52,website
C03388,Hyderabad,2022-03-24,30,modern_trade
C03389,Mumbai,2023-11-24,24,website
C03390,Chennai,2023-10-26,54,instagram
C03391,Delhi,2022-02-25,48,website
C03392,Kolkata,2023-12-03,22,instagram
C03393,Kolkata,2022-01-22,30,referral
C03394,Delhi,2023-08-03,26,instagram
C03395,Jaipur,2022-07-04,36,referral
C03396,Ahmedabad,2023-06-06,30,instagram
C03397,Pune,2023-08-01,49,distributor
C03398,Kolkata,2022-09-21,34,website
C03399,Delhi,2022-08-13,45,distributor
C03400,Hyderabad,2023-09-27,31,instagram
C03401,Mumbai,2022-02-07,43,website
C03402,Mumbai,2022-05-03,43,referral
C03403,Ahmedabad,2022-06-05,41,referral
C03404,Delhi,2022-10-28,31,modern_trade
C03405,Indore,2022-03-08,31,distributor
C03406,Pune,2023-10-07,47,instagram
C03407,Kolkata,2023-01-29,46,distributor
C03408,Ahmedabad,2023-10-14,49,website
C03409,Delhi,2023-08-17,34,distributor
C03410,Mumbai,2023-07-24,36,website
C03411,Bangalore,2023-10-23,27,distributor
C03412,Mumbai,2023-02-09,33,modern_trade
C03413,Mumbai,2023-03-25,40,instagram
C03414,Delhi,2022-05-11,53,referral
C03415,Pune,2022-03-10,32,instagram
C03416,Hyderabad,2022-12-11,54,website
C03417,Delhi,2024-02-01,23,modern_trade
C03418,Chennai,2022-11-16,36,modern_trade
C03419,Delhi,2022-06-26,26,website
C03420,Mumbai,2023-08-07,36,referral
C03421,Indore,2023-06-13,31,instagram
C03422,Chennai,2022-06-09,38,instagram
C03423,Indore,2023-08-05,45,website
C03424,Mumbai,2023-09-17,31,instagram
C03425,Pune,2024-01-14,51,instagram
C03426,Hyderabad,2023-06-17,24,referral
C03427,Hyderabad,2022-05-15,24,instagram
C03428,Chennai,2024-02-14,26,instagram
C03429,Kolkata,2022-04-21,49,instagram
C03430,Hyderabad,2024-01-28,35,distributor
C03431,Hyderabad,2022-10-10,32,instagram
C03432,Ahmedabad,2023-06-04,29,modern_trade
C03433,Indore,2024-03-06,29,instagram
C03434,Bangalore,2023-12-20,33,modern_trade
C03435,Chennai,2022-07-13,36,website
C03436,Bangalore,2022-02-16,40,modern_trade
C03437,Delhi,2022-12-08,49,modern_trade
C03438,Hyderabad,2022-08-30,28,website
C03439,Jaipur,2023-06-06,28,distributor
C03440,Jaipur,2023-01-05,51,website
C03441,Delhi,2024-03-11,39,website
C03442,Hyderabad,2022-05-11,45,referral
C03443,Delhi,2022-09-27,27,distributor
C03444,Ahmedabad,2024-03-24,25,modern_trade
C03445,Ahmedabad,2022-03-02,24,instagram
C03446,Chennai,2022-06-13,27,website
C03447,Pune,2023-06-09,47,modern_trade
C03448,Indore,2022-09-29,32,modern_trade
C03449,Hyderabad,2023-12-21,50,distributor
C03450,Mumbai,2024-01-28,41,instagram
C03451,Bangalore,2022-05-13,31,referral
C03452,Chennai,2022-09-01,47,website
C03453,Chennai,2024-03-16,48,instagram
C03454,Delhi,2023-03-10,35,referral
C03455,Jaipur,2022-02-07,33,website
C03456,Mumbai,2023-07-22,44,instagram
C03457,Bangalore,2022-11-15,42,instagram
C03458,Chennai,2023-05-25,29,instagram
C03459,Chennai,2023-01-11,30,website
C03460,Chennai,2023-07-14,45,referral
C03461,Delhi,2023-09-09,52,instagram
C03462,Mumbai,2023-04-19,46,website
C03463,Chennai,2022-02-28,38,instagram
C03464,Hyderabad,2023-08-12,50,distributor
C03465,Mumbai,2023-05-14,24,instagram
C03466,Chennai,2022-08-06,42,modern_trade
C03467,Bangalore,2023-07-21,29,referral
C03468,Chennai,2023-07-21,35,modern_trade
C03469,Pune,2022-05-09,37,instagram
C03470,Mumbai,2023-01-18,39,instagram
C03471,Mumbai,2023-01-23,52,modern_trade
C03472,Indore,2022-03-26,32,instagram
C03473,Hyderabad,2023-05-25,41,website
C03474,Chennai,2023-12-27,25,referral
C03475,Pune,2023-09-19,41,website
C03476,Pune,2023-03-13,52,distributor
C03477,Ahmedabad,2022-10-20,41,distributor
C03478,Hyderabad,2022-02-18,32,referral
C03479,Bangalore,2022-03-08,22,referral
C03480,Bangalore,2024-02-26,39,distributor
C03481,Mumbai,2022-05-09,54,modern_trade
C03482,Hyderabad,2022-01-29,39,instagram
C03483,Delhi,2022-12-09,52,website
C03484,Jaipur,2023-06-29,36,instagram
C03485,Hyderabad,2022-04-29,27,distributor
C03486,Hyderabad,2023-11-23,29,instagram
C03487,Delhi,2023-10-25,43,website
C03488,Mumbai,2022-05-13,22,website
C03489,Mumbai,2022-11-23,34,distributor
C03490,Bangalore,2022-07-04,45,modern_trade
C03491,Mumbai,2023-05-21,42,instagram
C03492,Hyderabad,2023-10-08,25,website
C03493,Kolkata,2023-11-20,28,distributor
C03494,Kolkata,2023-06-18,33,website
C03495,Chennai,2022-08-29,34,website
C03496,Delhi,2023-08-12,37,modern_trade
C03497,Kolkata,2023-12-17,27,referral
C03498,Kolkata,2023-05-31,35,website
C03499,Mumbai,2022-06-14,52,instagram
C03500,Indore,2023-10-02,31,referral
C03501,Delhi,2023-07-11,38,modern_trade
C03502,Pune,2022-08-06,51,instagram
C03503,Ahmedabad,2024-01-17,28,referral
C03504,Mumbai,2023-10-10,39,instagram
C03505,Kolkata,2023-11-11,40,instagram
C03506,Chennai,2024-01-19,36,modern_trade
C03507,Ahmedabad,2023-08-28,43,website
C03508,Bangalore,2022-01-05,51,instagram
C03509,Kolkata,2023-10-30,41,referral
C03510,Mumbai,2024-01-27,53,referral
C03511,Delhi,2022-03-22,46,instagram
C03512,Mumbai,2022-09-04,44,modern_trade
C03513,Ahmedabad,2023-05-08,26,referral
C03514,Pune,2023-10-11,51,modern_trade
C03515,Kolkata,2023-01-21,48,instagram
C03516,Jaipur,2023-07-29,28,referral
C03517,Mumbai,2022-11-03,26,instagram
C03518,Bangalore,2023-09-20,36,instagram
C03519,Mumbai,2023-09-17,29,modern_trade
C03520,Delhi,2023-06-27,30,instagram
C03521,Delhi,2022-01-07,32,instagram
C03522,Bangalore,2023-05-30,43,distributor
C03523,Delhi,2024-03-29,34,website
C03524,Mumbai,2024-01-25,32,instagram
C03525,Mumbai,2023-07-22,53,distributor
C03526,Mumbai,2022-03-14,36,instagram
C03527,Ahmedabad,2022-01-10,22,modern_trade
C03528,Indore,2023-07-27,45,instagram
C03529,Ahmedabad,2023-07-16,43,website
C03530,Bangalore,2022-05-02,24,website
C03531,Delhi,2023-11-18,35,instagram
C03532,Pune,2023-05-28,23,website
C03533,Delhi,2023-03-17,53,website
C03534,Delhi,2022-02-07,54,modern_trade
C03535,Delhi,2023-12-03,27,modern_trade
C03536,Mumbai,2023-08-14,46,website
C03537,Delhi,2022-12-11,32,referral
C03538,Delhi,2022-12-04,28,website
C03539,Chennai,2023-12-03,43,website
C03540,Mumbai,2022-07-03,31,referral
C03541,Delhi,2022-03-08,42,website
C03542,Pune,2022-01-17,27,website
C03543,Mumbai,2023-01-18,22,distributor
C03544,Delhi,2023-01-03,35,website
C03545,Kolkata,2022-11-12,48,instagram
C03546,Mumbai,2023-05-12,30,website
C03547,Mumbai,2024-03-18,27,modern_trade
C03548,Bangalore,2023-12-22,52,modern_trade
C03549,Delhi,2022-12-11,38,modern_trade
C03550,Hyderabad,2023-07-07,42,modern_trade
C03551,Pune,2023-04-18,48,referral
C03552,Mumbai,2022-04-25,49,website
C03553,Hyderabad,2022-04-10,37,modern_trade
C03554,Bangalore,2023-03-14,40,instagram
C03555,Mumbai,2022-12-11,42,referral
C03556,Chennai,2022-12-15,54,modern_trade
C03557,Delhi,2022-05-19,44,modern_trade
C03558,Bangalore,2022-11-20,27,distributor
C03559,Mumbai,2022-10-29,53,distributor
C03560,Bangalore,2022-10-21,43,instagram
C03561,Delhi,2023-06-13,24,distributor
C03562,Pune,2022-10-19,37,instagram
C03563,Mumbai,2022-03-15,46,website
C03564,Bangalore,2024-02-14,38,instagram
C03565,Bangalore,2023-04-29,34,referral
C03566,Indore,2022-01-16,49,distributor
C03567,Hyderabad,2023-06-10,32,instagram
C03568,Chennai,2022-12-02,31,website
C03569,Indore,2024-03-03,45,instagram
C03570,Kolkata,2023-05-31,45,instagram
C03571,Delhi,2022-05-07,54,referral
C03572,Hyderabad,2023-06-02,38,website
C03573,Kolkata,2022-05-09,27,instagram
C03574,Ahmedabad,2023-05-26,37,referral
C03575,Kolkata,2023-02-27,49,website
C03576,Delhi,2023-01-20,53,instagram
C03577,Mumbai,2022-08-20,47,referral
C03578,Bangalore,2022-07-14,32,distributor
C03579,Indore,2022-03-06,46,referral
C03580,Bangalore,2023-09-07,52,referral
C03581,Bangalore,2022-10-04,42,website
C03582,Pune,2023-11-01,24,modern_trade
C03583,Delhi,2022-08-12,33,modern_trade
C03584,Kolkata,2024-03-11,46,distributor
C03585,Bangalore,2022-10-05,38,instagram
C03586,Delhi,2023-11-25,40,distributor
C03587,Bangalore,2023-01-01,23,distributor
C03588,Indore,2023-05-31,38,modern_trade
C03589,Mumbai,2022-08-03,51,referral
C03590,Mumbai,2023-03-15,31,modern_trade
C03591,Ahmedabad,2023-03-04,54,instagram
C03592,Mumbai,2023-12-30,22,modern_trade
C03593,Hyderabad,2023-01-31,39,instagram
C03594,Hyderabad,2022-07-28,25,modern_trade
C03595,Bangalore,2023-05-16,48,website
C03596,Chennai,2023-04-08,46,instagram
C03597,Delhi,2023-08-09,49,modern_trade
C03598,Hyderabad,2022-08-15,43,website
C03599,Delhi,2023-01-10,46,website
C03600,Chennai,2023-05-15,38,instagram
C03601,Mumbai,2022-04-03,33,modern_trade
C03602,Hyderabad,2023-04-05,37,website
C03603,Mumbai,2023-07-31,37,referral
C03604,Delhi,2022-11-17,38,website
C03605,Delhi,2022-01-10,52,website
C03606,Mumbai,2022-10-30,36,website
C03607,Pune,2022-11-18,34,referral
C03608,Delhi,2024-03-27,48,referral
C03609,Jaipur,2023-04-01,42,website
C03610,Ahmedabad,2022-10-05,23,distributor
C03611,Hyderabad,2023-08-21,29,website
C03612,Mumbai,2023-06-22,28,referral
C03613,Delhi,2023-12-31,31,referral
C03614,Pune,2023-01-28,25,website
C03615,Delhi,2022-04-05,24,modern_trade
C03616,Mumbai,2024-01-26,39,instagram
C03617,Hyderabad,2022-04-17,45,website
C03618,Kolkata,2023-01-25,53,instagram
C03619,Pune,2024-01-30,23,instagram
C03620,Mumbai,2023-06-10,23,instagram
C03621,Chennai,2023-11-04,31,modern_trade
C03622,Delhi,2022-03-12,44,distributor
C03623,Delhi,2023-10-26,36,instagram
C03624,Kolkata,2023-08-10,33,website
C03625,Delhi,2023-01-11,38,instagram
C03626,Delhi,2023-12-28,39,modern_trade
C03627,Mumbai,2023-01-03,35,website
C03628,Kolkata,2022-02-20,38,instagram
C03629,Pune,2022-05-23,36,instagram
C03630,Chennai,2023-02-23,33,modern_trade
C03631,Indore,2023-07-02,37,website
C03632,Mumbai,2023-05-15,53,instagram
C03633,Bangalore,2022-06-16,44,website
C03634,Delhi,2024-01-18,37,modern_trade
C03635,Mumbai,2022-09-17,28,website
C03636,Bangalore,2022-07-11,54,referral
C03637,Jaipur,2022-07-21,25,website
C03638,Mumbai,2024-02-13,28,website
C03639,Delhi,2022-07-04,39,website
C03640,Delhi,2022-06-07,25,distributor
C03641,Delhi,2024-01-28,32,instagram
C03642,Jaipur,2023-09-14,41,website
C03643,Bangalore,2022-04-09,32,instagram
C03644,Bangalore,2022-08-29,36,instagram
C03645,Indore,2023-05-06,38,website
C03646,Mumbai,2022-07-21,33,distributor
C03647,Bangalore,2023-09-26,49,instagram
C03648,Bangalore,2023-05-24,29,distributor
C03649,Hyderabad,2023-09-21,48,referral
C03650,Ahmedabad,2022-04-06,43,referral
C03651,Indore,2024-01-16,45,instagram
C03652,Bangalore,2023-05-05,23,website
C03653,Pune,2023-08-02,52,website
C03654,Mumbai,2022-08-06,43,referral
C03655,Mumbai,2023-06-11,22,referral
C03656,Delhi,2022-09-30,35,website
C03657,Delhi,2022-08-07,46,website
C03658,Bangalore,2024-02-25,24,referral
C03659,Hyderabad,2023-10-21,26,modern_trade
C03660,Jaipur,2022-11-28,22,website
C03661,Bangalore,2023-03-29,40,instagram
C03662,Bangalore,2022-06-01,54,referral
C03663,Mumbai,2022-12-13,51,modern_trade
C03664,Mumbai,2024-03-26,33,instagram
C03665,Hyderabad,2023-02-18,31,modern_trade
C03666,Bangalore,2023-06-11,37,referral
C03667,Pune,2023-03-07,50,website
C03668,Mumbai,2023-01-14,36,instagram
C03669,Mumbai,2023-03-04,32,distributor
C03670,Bangalore,2022-03-25,51,distributor
C03671,Delhi,2022-07-11,30,distributor
C03672,Mumbai,2022-02-10,39,instagram
C03673,Indore,2024-02-12,40,modern_trade
C03674,Mumbai,2022-11-05,25,website
C03675,Hyderabad,2023-01-13,27,website
C03676,Delhi,2022-05-16,54,instagram
C03677,Mumbai,2024-02-29,53,website
C03678,Delhi,2022-04-16,37,distributor
C03679,Pune,2023-06-03,32,instagram
C03680,Bangalore,2024-03-24,43,instagram
C03681,Indore,2023-06-26,44,instagram
C03682,Mumbai,2022-05-06,47,instagram
C03683,Indore,2022-12-23,52,website
C03684,Delhi,2023-02-04,50,modern_trade
C03685,Chennai,2022-03-20,26,instagram
C03686,Hyderabad,2023-01-24,46,website
C03687,Jaipur,2023-08-02,33,referral
C03688,Bangalore,2023-06-19,43,instagram
C03689,Mumbai,2023-12-02,30,website
C03690,Mumbai,2022-03-15,41,instagram
C03691,Pune,2022-01-05,50,website
C03692,Hyderabad,2023-04-08,50,instagram
C03693,Indore,2022-03-23,48,website
C03694,Delhi,2023-06-21,38,instagram
C03695,Delhi,2024-02-15,26,distributor
C03696,Mumbai,2023-02-09,34,modern_trade
C03697,Ahmedabad,2023-05-29,36,referral
C03698,Chennai,2022-10-05,36,referral
C03699,Jaipur,2022-08-12,39,instagram
C03700,Delhi,2023-08-07,23,modern_trade
C03701,Hyderabad,2022-03-09,44,referral
C03702,Chennai,2022-11-16,34,modern_trade
C03703,Delhi,2023-08-29,25,instagram
C03704,Kolkata,2022-01-19,46,instagram
C03705,Jaipur,2023-10-02,32,referral
C03706,Kolkata,2022-12-09,33,instagram
C03707,Indore,2023-08-17,34,website
C03708,Delhi,2024-02-05,30,instagram
C03709,Delhi,2024-01-03,27,modern_trade
C03710,Ahmedabad,2022-12-09,31,modern_trade
C03711,Mumbai,2022-04-07,44,instagram
C03712,Indore,2022-02-21,36,referral
C03713,Chennai,2022-06-24,44,referral
C03714,Chennai,2022-12-04,37,website
C03715,Ahmedabad,2023-11-25,53,referral
C03716,Delhi,2022-12-19,26,instagram
C03717,Delhi,2023-01-26,38,instagram
C03718,Mumbai,2022-04-25,43,referral
C03719,Bangalore,2022-12-14,39,distributor
C03720,Delhi,2022-01-01,49,modern_trade
C03721,Delhi,2022-03-04,34,instagram
C03722,Pune,2024-01-30,22,website
C03723,Jaipur,2024-01-13,40,distributor
C03724,Mumbai,2022-08-14,25,instagram
C03725,Delhi,2023-02-27,24,website
C03726,Jaipur,2022-01-19,31,referral
C03727,Mumbai,2022-01-31,49,website
C03728,Mumbai,2023-09-25,40,website
C03729,Mumbai,2022-01-24,24,distributor
C03730,Hyderabad,2022-07-30,44,instagram
C03731,Mumbai,2022-06-10,38,modern_trade
C03732,Ahmedabad,2022-09-12,28,instagram
C03733,Bangalore,2023-07-25,47,referral
C03734,Bangalore,2022-04-24,39,distributor
C03735,Delhi,2023-05-19,27,modern_trade
C03736,Bangalore,2023-11-03,52,referral
C03737,Chennai,2022-08-08,50,website
C03738,Indore,2022-12-23,30,instagram
C03739,Indore,2022-06-18,38,instagram
C03740,Hyderabad,2023-06-08,33,website
C03741,Jaipur,2022-08-30,45,website
C03742,Pune,2023-01-10,31,referral
C03743,Indore,2022-05-19,51,website
C03744,Mumbai,2022-04-07,50,referral
C03745,Mumbai,2022-05-27,31,instagram
C03746,Delhi,2022-07-01,49,referral
C03747,Chennai,2022-02-26,39,distributor
C03748,Bangalore,2022-02-11,38,modern_trade
C03749,Bangalore,2023-12-12,32,referral
C03750,Kolkata,2023-06-27,22,instagram
C03751,Kolkata,2023-11-23,38,website
C03752,Jaipur,2022-01-02,30,website
C03753,Delhi,2022-10-15,49,instagram
C03754,Chennai,2022-05-18,54,referral
C03755,Delhi,2023-09-09,24,distributor
C03756,Mumbai,2023-05-27,29,website
C03757,Mumbai,2023-12-31,27,referral
C03758,Delhi,2022-08-10,27,website
C03759,Bangalore,2022-11-27,50,instagram
C03760,Pune,2023-09-09,33,instagram
C03761,Mumbai,2023-02-08,30,distributor
C03762,Indore,2023-05-23,40,instagram
C03763,Hyderabad,2022-05-07,38,referral
C03764,Delhi,2022-09-22,53,website
C03765,Bangalore,2023-12-13,35,modern_trade
C03766,Delhi,2024-02-03,37,modern_trade
C03767,Hyderabad,2022-01-15,42,instagram
C03768,Bangalore,2022-08-14,33,website
C03769,Mumbai,2022-04-15,45,website
C03770,Mumbai,2024-01-15,29,referral
C03771,Hyderabad,2023-05-08,42,website
C03772,Jaipur,2022-11-15,29,instagram
C03773,Delhi,2022-08-07,49,distributor
C03774,Indore,2022-10-04,37,website
C03775,Chennai,2024-02-12,31,referral
C03776,Jaipur,2022-12-07,36,website
C03777,Pune,2023-03-28,25,instagram
C03778,Hyderabad,2023-01-04,47,website
C03779,Chennai,2023-04-19,36,instagram
C03780,Kolkata,2022-07-09,53,referral
C03781,Bangalore,2023-02-23,25,website
C03782,Delhi,2023-12-11,30,modern_trade
C03783,Mumbai,2024-02-28,49,instagram
C03784,Pune,2023-05-10,30,website
C03785,Pune,2022-02-08,23,website
C03786,Mumbai,2022-06-11,24,referral
C03787,Hyderabad,2022-05-01,26,instagram
C03788,Bangalore,2023-02-03,31,website
C03789,Mumbai,2022-09-19,49,instagram
C03790,Ahmedabad,2023-12-29,36,distributor
C03791,Delhi,2023-07-15,35,website
C03792,Mumbai,2023-08-27,44,modern_trade
C03793,Hyderabad,2022-05-09,34,instagram
C03794,Indore,2023-06-24,37,modern_trade
C03795,Mumbai,2022-12-22,51,instagram
C03796,Chennai,2023-10-22,29,modern_trade
C03797,Hyderabad,2023-03-08,38,referral
C03798,Mumbai,2022-03-06,51,referral
C03799,Mumbai,2022-08-06,38,instagram
C03800,Hyderabad,2023-07-17,22,instagram
C03801,Delhi,2023-03-03,45,website
C03802,Jaipur,2024-03-27,46,website
C03803,Pune,2022-03-15,23,website
C03804,Ahmedabad,2023-04-05,46,instagram
C03805,Delhi,2023-03-01,35,instagram
C03806,Ahmedabad,2023-12-12,54,modern_trade
C03807,Bangalore,2022-07-11,38,modern_trade
C03808,Delhi,2022-07-08,52,referral
C03809,Mumbai,2022-01-12,31,website
C03810,Mumbai,2022-08-27,27,modern_trade
C03811,Chennai,2023-08-16,46,modern_trade
C03812,Bangalore,2023-03-29,51,instagram
C03813,Delhi,2023-01-18,39,modern_trade
C03814,Hyderabad,2024-02-21,45,referral
C03815,Delhi,2024-03-12,48,website
C03816,Hyderabad,2022-02-17,48,referral
C03817,Delhi,2022-11-13,42,website
C03818,Pune,2022-07-28,40,website
C03819,Pune,2023-07-01,44,referral
C03820,Bangalore,2022-04-29,36,website
C03821,Delhi,2023-07-31,23,website
C03822,Delhi,2022-11-11,41,referral
C03823,Pune,2024-01-24,49,instagram
C03824,Delhi,2022-02-05,36,instagram
C03825,Delhi,2023-04-08,37,website
C03826,Mumbai,2024-02-03,54,modern_trade
C03827,Bangalore,2024-01-25,33,modern_trade
C03828,Bangalore,2023-07-08,41,referral
C03829,Kolkata,2023-08-04,50,referral
C03830,Delhi,2023-02-07,24,instagram
C03831,Bangalore,2022-04-17,26,distributor
C03832,Pune,2022-02-08,23,instagram
C03833,Pune,2023-08-04,44,referral
C03834,Bangalore,2022-06-29,47,website
C03835,Bangalore,2022-01-12,47,modern_trade
C03836,Delhi,2022-12-05,28,instagram
C03837,Jaipur,2023-12-17,31,referral
C03838,Mumbai,2023-07-02,26,website
C03839,Jaipur,2022-05-06,33,website
C03840,Chennai,2022-03-04,53,instagram
C03841,Hyderabad,2022-03-23,52,website
C03842,Mumbai,2024-03-29,43,website
C03843,Bangalore,2022-10-26,38,modern_trade
C03844,Bangalore,2022-02-03,41,instagram
C03845,Mumbai,2024-01-22,41,instagram
C03846,Chennai,2023-09-01,29,modern_trade
C03847,Ahmedabad,2022-02-18,44,website
C03848,Hyderabad,2023-10-20,49,modern_trade
C03849,Indore,2023-09-29,34,modern_trade
C03850,Mumbai,2023-12-02,50,instagram
C03851,Bangalore,2022-02-26,29,instagram
C03852,Mumbai,2022-04-19,32,instagram
C03853,Hyderabad,2023-06-01,39,distributor
C03854,Jaipur,2022-01-24,46,referral
C03855,Chennai,2022-08-09,43,instagram
C03856,Mumbai,2022-11-11,50,instagram
C03857,Delhi,2022-10-21,42,modern_trade
C03858,Hyderabad,2022-01-10,28,modern_trade
C03859,Bangalore,2023-11-08,33,distributor
C03860,Pune,2023-04-26,45,referral
C03861,Pune,2023-12-28,53,website
C03862,Hyderabad,2023-09-30,48,instagram
C03863,Delhi,2022-09-24,53,instagram
C03864,Delhi,2024-03-02,53,instagram
C03865,Mumbai,2022-03-29,53,instagram
C03866,Delhi,2023-03-31,47,website
C03867,Bangalore,2023-09-18,32,distributor
C03868,Chennai,2023-06-17,39,instagram
C03869,Chennai,2022-05-28,26,distributor
C03870,Mumbai,2024-01-27,37,referral
C03871,Bangalore,2024-02-17,32,referral
C03872,Mumbai,2023-12-30,32,referral
C03873,Mumbai,2023-03-07,44,referral
C03874,Pune,2024-01-22,38,instagram
C03875,Mumbai,2024-01-14,31,website
C03876,Bangalore,2024-01-14,39,modern_trade
C03877,Mumbai,2022-08-30,29,modern_trade
C03878,Kolkata,2023-12-03,47,referral
C03879,Hyderabad,2024-01-11,24,modern_trade
C03880,Delhi,2022-03-07,45,website
C03881,Bangalore,2023-01-13,24,distributor
C03882,Indore,2023-01-23,23,referral
C03883,Ahmedabad,2024-03-01,38,distributor
C03884,Delhi,2024-02-20,30,website
C03885,Kolkata,2022-07-28,43,modern_trade
C03886,Jaipur,2023-02-19,52,instagram
C03887,Jaipur,2022-01-16,45,referral
C03888,Chennai,2022-10-24,30,website
C03889,Chennai,2022-08-08,23,instagram
C03890,Bangalore,2024-02-08,42,referral
C03891,Indore,2023-01-02,48,distributor
C03892,Hyderabad,2024-02-19,28,referral
C03893,Chennai,2022-08-17,43,instagram
C03894,Bangalore,2023-09-23,25,website
C03895,Indore,2023-03-16,35,instagram
C03896,Pune,2023-11-21,44,website
C03897,Mumbai,2023-06-16,46,website
C03898,Pune,2023-03-26,22,referral
C03899,Hyderabad,2022-02-05,36,modern_trade
C03900,Kolkata,2023-02-26,53,instagram
C03901,Bangalore,2023-09-12,35,modern_trade
C03902,Delhi,2022-07-08,42,distributor
C03903,Jaipur,2022-06-27,28,instagram
C03904,Delhi,2023-08-31,42,modern_trade
C03905,Kolkata,2022-11-11,33,website
C03906,Bangalore,2022-01-20,36,referral
C03907,Bangalore,2023-11-07,36,instagram
C03908,Delhi,2023-01-17,38,referral
C03909,Hyderabad,2023-09-01,35,distributor
C03910,Delhi,2022-05-23,26,instagram
C03911,Mumbai,2022-03-03,51,instagram
C03912,Delhi,2022-08-30,25,instagram
C03913,Mumbai,2022-08-26,36,website
C03914,Ahmedabad,2022-05-11,31,distributor
C03915,Ahmedabad,2023-08-28,23,website
C03916,Bangalore,2023-08-26,45,instagram
C03917,Indore,2023-10-07,49,referral
C03918,Delhi,2022-05-03,43,referral
C03919,Chennai,2023-03-16,53,instagram
C03920,Pune,2022-12-08,52,website
C03921,Jaipur,2023-02-23,40,instagram
C03922,Bangalore,2023-09-22,42,modern_trade
C03923,Pune,2023-03-31,24,website
C03924,Delhi,2022-07-17,27,modern_trade
C03925,Ahmedabad,2022-10-09,53,distributor
C03926,Mumbai,2022-01-01,23,distributor
C03927,Hyderabad,2023-12-24,45,instagram
C03928,Chennai,2024-02-14,48,distributor
C03929,Chennai,2022-11-28,30,modern_trade
C03930,Mumbai,2022-07-31,34,modern_trade
C03931,Jaipur,2022-03-28,35,instagram
C03932,Mumbai,2023-10-27,32,instagram
C03933,Chennai,2023-11-30,35,distributor
C03934,Delhi,2022-03-02,37,instagram
C03935,Delhi,2024-03-07,31,instagram
C03936,Hyderabad,2022-04-05,41,referral
C03937,Bangalore,2024-02-25,37,distributor
C03938,Mumbai,2023-07-07,37,referral
C03939,Mumbai,2022-05-27,35,distributor
C03940,Bangalore,2022-09-03,49,referral
C03941,Indore,2023-10-06,39,instagram
C03942,Kolkata,2022-10-24,47,referral
C03943,Mumbai,2022-05-03,28,website
C03944,Bangalore,2023-10-17,28,referral
C03945,Mumbai,2023-11-25,54,referral
C03946,Mumbai,2023-12-05,42,instagram
C03947,Chennai,2023-04-01,49,instagram
C03948,Hyderabad,2023-02-03,53,website
C03949,Mumbai,2023-12-20,37,referral
C03950,Delhi,2022-08-19,31,instagram
C03951,Mumbai,2023-06-18,44,instagram
C03952,Pune,2023-02-06,36,referral
C03953,Ahmedabad,2023-08-15,27,distributor
C03954,Mumbai,2022-05-10,54,referral
C03955,Delhi,2022-10-19,33,instagram
C03956,Kolkata,2022-10-03,52,referral
C03957,Jaipur,2023-01-11,31,website
C03958,Bangalore,2022-02-24,31,website
C03959,Mumbai,2023-08-01,32,instagram
C03960,Mumbai,2024-01-09,35,website
C03961,Hyderabad,2022-01-26,24,website
C03962,Bangalore,2023-03-17,54,instagram
C03963,Mumbai,2024-02-04,28,instagram
C03964,Hyderabad,2022-07-16,25,website
C03965,Mumbai,2023-10-04,31,website
C03966,Pune,2022-08-31,36,distributor
C03967,Delhi,2023-12-25,37,referral
C03968,Mumbai,2022-07-09,25,modern_trade
C03969,Hyderabad,2024-03-12,25,instagram
C03970,Bangalore,2024-01-08,48,modern_trade
C03971,Ahmedabad,2024-01-28,43,website
C03972,Hyderabad,2023-07-22,43,website
C03973,Delhi,2023-07-21,38,instagram
C03974,Chennai,2022-10-03,53,instagram
C03975,Delhi,2024-03-28,27,website
C03976,Jaipur,2023-02-13,54,instagram
C03977,Delhi,2022-12-06,29,instagram
C03978,Hyderabad,2022-06-02,26,instagram
C03979,Mumbai,2023-07-19,26,instagram
C03980,Bangalore,2023-02-02,31,website
C03981,Pune,2023-03-20,28,referral
C03982,Pune,2023-09-15,33,instagram
C03983,Delhi,2023-03-03,51,referral
C03984,Delhi,2023-05-02,46,modern_trade
C03985,Pune,2022-07-23,49,distributor
C03986,Jaipur,2022-04-22,34,referral
C03987,Mumbai,2022-11-21,43,website
C03988,Bangalore,2022-09-15,39,instagram
C03989,Delhi,2023-06-12,48,website
C03990,Kolkata,2022-12-16,29,website
C03991,Mumbai,2023-11-09,27,referral
C03992,Delhi,2024-03-23,32,referral
C03993,Indore,2023-03-11,50,website
C03994,Mumbai,2023-03-02,26,distributor
C03995,Bangalore,2022-10-07,28,modern_trade
C03996,Bangalore,2023-01-06,43,modern_trade
C03997,Delhi,2023-11-01,25,instagram
C03998,Bangalore,2022-09-06,53,instagram
C03999,Hyderabad,2022-06-30,40,modern_trade
C04000,Mumbai,2023-12-04,54,instagram
C04001,Hyderabad,2023-10-13,22,website
C04002,Pune,2022-03-19,29,referral
C04003,Indore,2022-12-02,53,referral
C04004,Mumbai,2022-02-19,51,referral
C04005,Mumbai,2022-03-26,49,modern_trade
C04006,Delhi,2023-11-26,53,instagram
C04007,Delhi,2023-11-26,46,modern_trade
C04008,Bangalore,2022-01-04,54,modern_trade
C04009,Chennai,2022-11-13,34,distributor
C04010,Mumbai,2022-04-21,46,referral
C04011,Mumbai,2022-11-30,31,website
C04012,Bangalore,2024-02-02,52,distributor
C04013,Chennai,2022-05-13,32,referral
C04014,Mumbai,2023-09-04,46,website
C04015,Chennai,2023-11-15,41,referral
C04016,Delhi,2024-03-09,28,instagram
C04017,Kolkata,2022-04-29,54,referral
C04018,Kolkata,2022-12-16,50,website
C04019,Delhi,2023-11-18,33,website
C04020,Delhi,2023-06-26,26,instagram
C04021,Bangalore,2022-02-24,33,modern_trade
C04022,Delhi,2022-12-27,50,referral
C04023,Chennai,2023-12-09,41,website
C04024,Pune,2023-03-29,22,distributor
C04025,Chennai,2023-07-07,37,instagram
C04026,Pune,2023-11-16,51,modern_trade
C04027,Bangalore,2022-11-26,30,website
C04028,Mumbai,2022-08-07,31,website
C04029,Indore,2022-07-27,34,referral
C04030,Delhi,2023-11-01,41,instagram
C04031,Chennai,2024-01-10,50,website
C04032,Delhi,2022-03-26,25,referral
C04033,Mumbai,2023-11-16,49,instagram
C04034,Ahmedabad,2022-09-02,34,modern_trade
C04035,Mumbai,2023-11-16,24,referral
C04036,Ahmedabad,2022-12-01,40,modern_trade
C04037,Ahmedabad,2022-07-31,49,referral
C04038,Pune,2023-08-19,40,website
C04039,Chennai,2023-11-16,38,distributor
C04040,Hyderabad,2022-07-02,39,distributor
C04041,Kolkata,2022-05-13,39,instagram
C04042,Delhi,2024-03-10,44,modern_trade
C04043,Bangalore,2024-02-13,30,referral
C04044,Hyderabad,2022-12-16,50,instagram
C04045,Bangalore,2022-10-09,50,website
C04046,Bangalore,2022-10-20,23,distributor
C04047,Delhi,2022-09-26,38,distributor
C04048,Hyderabad,2022-07-16,52,instagram
C04049,Kolkata,2023-06-21,49,modern_trade
C04050,Delhi,2023-10-15,51,modern_trade
C04051,Jaipur,2024-01-05,41,referral
C04052,Chennai,2022-01-20,37,website
C04053,Pune,2024-01-29,35,referral
C04054,Hyderabad,2023-12-14,47,instagram
C04055,Indore,2023-02-09,41,modern_trade
C04056,Mumbai,2022-04-25,45,instagram
C04057,Pune,2023-12-02,39,referral
C04058,Mumbai,2022-01-26,30,instagram
C04059,Kolkata,2023-07-20,40,website
C04060,Ahmedabad,2023-11-13,41,referral
C04061,Delhi,2023-01-30,51,referral
C04062,Delhi,2023-01-16,47,website
C04063,Indore,2023-06-07,52,instagram
C04064,Delhi,2023-06-23,24,modern_trade
C04065,Kolkata,2022-03-24,50,referral
C04066,Mumbai,2024-03-12,27,referral
C04067,Mumbai,2023-07-04,22,instagram
C04068,Ahmedabad,2023-03-21,45,instagram
C04069,Chennai,2022-03-28,28,distributor
C04070,Kolkata,2023-01-22,32,referral
C04071,Delhi,2023-10-30,32,website
C04072,Chennai,2023-02-02,41,instagram
C04073,Hyderabad,2024-03-30,37,website
C04074,Hyderabad,2022-10-13,26,distributor
C04075,Chennai,2023-11-29,45,instagram
C04076,Hyderabad,2023-11-25,51,website
C04077,Bangalore,2023-01-04,51,distributor
C04078,Delhi,2023-10-17,54,website
C04079,Indore,2023-02-26,41,instagram
C04080,Delhi,2023-12-19,43,referral
C04081,Chennai,2023-10-16,42,instagram
C04082,Delhi,2023-11-28,48,modern_trade
C04083,Chennai,2023-03-19,27,website
C04084,Indore,2024-01-23,53,distributor
C04085,Delhi,2023-06-04,37,instagram
C04086,Mumbai,2023-08-07,49,referral
C04087,Mumbai,2022-10-15,37,instagram
C04088,Hyderabad,2022-04-05,48,referral
C04089,Kolkata,2023-10-31,24,instagram
C04090,Mumbai,2022-02-10,42,referral
C04091,Indore,2022-11-27,51,modern_trade
C04092,Delhi,2024-03-23,43,instagram
C04093,Bangalore,2024-02-20,40,referral
C04094,Jaipur,2022-06-04,52,distributor
C04095,Delhi,2023-05-19,41,distributor
C04096,Bangalore,2022-10-02,40,instagram
C04097,Mumbai,2023-10-28,23,distributor
C04098,Mumbai,2023-07-19,48,instagram
C04099,Delhi,2022-06-28,29,referral
C04100,Mumbai,2024-01-22,48,modern_trade
C04101,Chennai,2022-05-17,36,modern_trade
C04102,Bangalore,2024-02-06,33,modern_trade
C04103,Hyderabad,2024-01-06,35,modern_trade
C04104,Mumbai,2022-06-29,28,instagram
C04105,Delhi,2022-07-01,38,website
C04106,Chennai,2022-09-16,47,referral
C04107,Ahmedabad,2022-08-31,41,referral
C04108,Mumbai,2022-04-06,31,instagram
C04109,Kolkata,2022-07-16,40,referral
C04110,Hyderabad,2023-06-10,39,modern_trade
C04111,Hyderabad,2023-09-24,51,modern_trade
C04112,Bangalore,2023-01-22,51,website
C04113,Mumbai,2023-02-12,46,referral
C04114,Mumbai,2022-09-26,45,website
C04115,Hyderabad,2022-06-20,31,website
C04116,Delhi,2023-08-07,23,distributor
C04117,Jaipur,2023-11-22,53,instagram
C04118,Bangalore,2022-06-19,28,referral
C04119,Mumbai,2022-06-08,28,distributor
C04120,Indore,2023-05-24,48,distributor
C04121,Delhi,2023-03-23,31,referral
C04122,Hyderabad,2023-10-28,54,instagram
C04123,Chennai,2022-03-23,28,modern_trade
C04124,Jaipur,2022-02-26,27,website
C04125,Pune,2023-06-03,27,modern_trade
C04126,Chennai,2022-04-22,34,referral
C04127,Chennai,2022-02-17,34,instagram
C04128,Jaipur,2023-08-15,23,instagram
C04129,Delhi,2023-01-11,40,website
C04130,Mumbai,2022-02-02,40,instagram
C04131,Delhi,2023-05-19,23,instagram
C04132,Delhi,2023-09-19,47,referral
C04133,Chennai,2022-01-03,27,referral
C04134,Chennai,2023-05-01,41,instagram
C04135,Hyderabad,2023-05-31,44,instagram
C04136,Mumbai,2024-02-11,36,distributor
C04137,Indore,2022-02-11,27,instagram
C04138,Delhi,2022-01-09,49,referral
C04139,Chennai,2024-03-29,32,referral
C04140,Hyderabad,2023-10-19,29,modern_trade
C04141,Delhi,2023-09-01,45,referral
C04142,Mumbai,2024-02-27,42,instagram
C04143,Mumbai,2022-05-22,28,instagram
C04144,Pune,2024-02-29,26,website
C04145,Jaipur,2023-03-12,50,website
C04146,Chennai,2022-01-27,37,referral
C04147,Mumbai,2022-02-12,27,instagram
C04148,Bangalore,2022-05-11,35,referral
C04149,Indore,2022-08-04,23,website
C04150,Indore,2023-08-29,46,website
C04151,Mumbai,2023-06-04,52,instagram
C04152,Mumbai,2023-08-21,34,website
C04153,Indore,2022-12-11,39,instagram
C04154,Delhi,2023-05-23,38,website
C04155,Delhi,2023-10-12,49,website
C04156,Mumbai,2023-02-17,33,distributor
C04157,Hyderabad,2022-09-03,43,referral
C04158,Kolkata,2023-03-25,22,website
C04159,Ahmedabad,2022-01-21,42,instagram
C04160,Hyderabad,2023-02-12,22,instagram
C04161,Bangalore,2023-04-02,25,instagram
C04162,Mumbai,2023-03-20,53,instagram
C04163,Hyderabad,2022-09-22,22,instagram
C04164,Delhi,2023-10-22,34,distributor
C04165,Hyderabad,2022-07-03,38,website
C04166,Bangalore,2022-08-15,33,instagram
C04167,Delhi,2024-03-14,28,instagram
C04168,Mumbai,2023-07-02,24,referral
C04169,Delhi,2022-09-03,47,referral
C04170,Mumbai,2022-03-14,52,instagram
C04171,Mumbai,2022-05-30,47,referral
C04172,Ahmedabad,2023-05-28,24,distributor
C04173,Bangalore,2022-03-10,49,website
C04174,Hyderabad,2024-03-15,38,website
C04175,Kolkata,2022-08-18,51,modern_trade
C04176,Ahmedabad,2023-12-24,23,instagram
C04177,Hyderabad,2022-03-13,29,instagram
C04178,Pune,2023-08-31,35,referral
C04179,Delhi,2023-02-01,32,website
C04180,Delhi,2022-03-25,36,referral
C04181,Bangalore,2024-01-10,23,instagram
C04182,Chennai,2022-10-26,53,distributor
C04183,Chennai,2024-01-18,34,referral
C04184,Delhi,2022-10-20,38,modern_trade
C04185,Mumbai,2024-01-04,36,modern_trade
C04186,Chennai,2022-08-11,54,referral
C04187,Mumbai,2024-03-03,37,modern_trade
C04188,Hyderabad,2024-01-03,34,website
C04189,Chennai,2022-08-04,43,distributor
C04190,Chennai,2022-08-19,44,instagram
C04191,Indore,2023-02-09,31,distributor
C04192,Kolkata,2022-06-18,38,instagram
C04193,Bangalore,2022-11-25,51,modern_trade
C04194,Indore,2023-03-02,34,referral
C04195,Hyderabad,2023-07-08,51,instagram
C04196,Mumbai,2024-02-09,51,instagram
C04197,Mumbai,2022-07-15,28,referral
C04198,Delhi,2023-08-31,31,referral
C04199,Bangalore,2023-06-10,23,instagram
C04200,Hyderabad,2023-09-17,51,instagram
C04201,Kolkata,2022-03-18,40,referral
C04202,Mumbai,2022-10-04,24,referral
C04203,Mumbai,2023-04-11,46,referral
C04204,Ahmedabad,2023-03-24,43,modern_trade
C04205,Mumbai,2022-11-16,35,website
C04206,Bangalore,2022-06-09,23,instagram
C04207,Hyderabad,2023-05-07,53,website
C04208,Hyderabad,2022-11-09,24,modern_trade
C04209,Mumbai,2023-09-23,29,instagram
C04210,Mumbai,2022-06-10,47,referral
C04211,Mumbai,2022-11-04,53,referral
C04212,Hyderabad,2022-05-26,32,distributor
C04213,Hyderabad,2023-11-06,22,referral
C04214,Delhi,2023-01-31,36,website
C04215,Chennai,2023-11-22,25,referral
C04216,Pune,2022-03-30,25,modern_trade
C04217,Mumbai,2024-01-05,49,referral
C04218,Bangalore,2024-02-17,31,referral
C04219,Chennai,2024-01-21,32,referral
C04220,Delhi,2022-11-04,44,distributor
C04221,Delhi,2023-06-30,24,instagram
C04222,Hyderabad,2023-01-06,38,instagram
C04223,Kolkata,2023-03-27,43,website
C04224,Pune,2022-06-16,48,website
C04225,Hyderabad,2023-01-27,37,instagram
C04226,Indore,2023-09-29,37,instagram
C04227,Delhi,2024-01-06,24,referral
C04228,Chennai,2023-05-06,54,referral
C04229,Bangalore,2022-05-30,23,modern_trade
C04230,Mumbai,2023-04-13,48,instagram
C04231,Chennai,2023-12-02,36,modern_trade
C04232,Hyderabad,2022-02-12,28,referral
C04233,Delhi,2022-01-29,30,instagram
C04234,Jaipur,2023-09-24,27,website
C04235,Mumbai,2022-01-31,33,website
C04236,Delhi,2023-11-24,51,instagram
C04237,Mumbai,2023-11-05,41,website
C04238,Indore,2022-05-08,41,modern_trade
C04239,Chennai,2024-02-06,48,instagram
C04240,Delhi,2022-10-21,41,instagram
C04241,Chennai,2023-03-17,28,instagram
C04242,Bangalore,2023-01-23,51,modern_trade
C04243,Indore,2024-02-05,29,instagram
C04244,Bangalore,2023-10-04,23,modern_trade
C04245,Bangalore,2023-06-08,35,website
C04246,Jaipur,2023-07-01,31,modern_trade
C04247,Delhi,2023-12-11,39,website
C04248,Mumbai,2024-01-30,39,referral
C04249,Hyderabad,2022-04-20,37,distributor
C04250,Ahmedabad,2022-11-24,26,website
C04251,Delhi,2023-02-09,52,referral
C04252,Mumbai,2022-09-02,41,website
C04253,Delhi,2024-02-01,44,website
C04254,Bangalore,2022-06-12,53,referral
C04255,Mumbai,2023-07-14,38,referral
C04256,Chennai,2023-02-03,34,referral
C04257,Ahmedabad,2023-08-06,34,distributor
C04258,Bangalore,2023-02-03,38,website
C04259,Delhi,2023-05-08,36,instagram
C04260,Bangalore,2023-10-08,47,website
C04261,Mumbai,2022-08-27,49,instagram
C04262,Kolkata,2023-04-10,51,instagram
C04263,Bangalore,2023-08-03,43,referral
C04264,Bangalore,2024-02-29,31,website
C04265,Chennai,2022-02-01,32,distributor
C04266,Bangalore,2022-05-03,54,distributor
C04267,Chennai,2023-06-18,27,instagram
C04268,Mumbai,2023-10-29,28,website
C04269,Pune,2022-04-20,33,modern_trade
C04270,Jaipur,2022-09-28,28,instagram
C04271,Chennai,2023-01-15,23,modern_trade
C04272,Ahmedabad,2022-10-27,22,modern_trade
C04273,Mumbai,2023-09-19,44,website
C04274,Bangalore,2024-01-02,46,referral
C04275,Hyderabad,2024-01-12,39,distributor
C04276,Hyderabad,2024-02-03,28,modern_trade
C04277,Bangalore,2022-09-06,24,website
C04278,Delhi,2023-06-05,50,referral
C04279,Mumbai,2022-02-03,31,modern_trade
C04280,Bangalore,2022-08-16,26,referral
C04281,Mumbai,2023-08-08,29,instagram
C04282,Indore,2023-02-03,35,website
C04283,Delhi,2024-03-23,27,distributor
C04284,Mumbai,2023-12-25,22,modern_trade
C04285,Hyderabad,2023-08-07,54,website
C04286,Hyderabad,2023-07-24,32,referral
C04287,Kolkata,2022-08-08,45,referral
C04288,Hyderabad,2023-01-06,31,modern_trade
C04289,Delhi,2024-02-26,44,website
C04290,Pune,2024-01-31,37,modern_trade
C04291,Hyderabad,2023-06-12,37,referral
C04292,Mumbai,2022-03-16,52,modern_trade
C04293,Hyderabad,2023-09-10,27,modern_trade
C04294,Jaipur,2022-05-16,51,referral
C04295,Bangalore,2022-03-15,22,instagram
C04296,Delhi,2022-09-11,46,instagram
C04297,Mumbai,2022-01-18,42,distributor
C04298,Mumbai,2022-02-12,26,website
C04299,Bangalore,2022-02-19,33,website
C04300,Hyderabad,2023-05-30,26,referral
C04301,Mumbai,2024-01-14,30,website
C04302,Jaipur,2024-01-01,30,website
C04303,Indore,2023-07-25,22,instagram
C04304,Hyderabad,2024-03-06,31,distributor
C04305,Pune,2024-03-24,38,referral
C04306,Mumbai,2023-07-30,34,referral
C04307,Bangalore,2023-08-05,27,referral
C04308,Chennai,2022-10-30,53,instagram
C04309,Pune,2022-05-22,32,website
C04310,Pune,2022-07-21,38,instagram
C04311,Delhi,2022-07-26,26,modern_trade
C04312,Jaipur,2023-02-19,27,referral
C04313,Mumbai,2022-08-09,31,referral
C04314,Kolkata,2022-12-28,54,website
C04315,Ahmedabad,2024-01-28,51,modern_trade
C04316,Mumbai,2022-03-22,42,instagram
C04317,Indore,2024-02-02,38,distributor
C04318,Mumbai,2023-07-17,48,website
C04319,Bangalore,2022-10-12,24,instagram
C04320,Bangalore,2023-01-04,50,referral
C04321,Hyderabad,2023-05-07,23,referral
C04322,Jaipur,2022-12-12,50,modern_trade
C04323,Chennai,2022-07-23,22,referral
C04324,Bangalore,2022-01-25,47,referral
C04325,Pune,2023-07-07,22,instagram
C04326,Ahmedabad,2022-03-10,25,instagram
C04327,Mumbai,2023-05-31,35,website
C04328,Ahmedabad,2023-05-07,39,website
C04329,Mumbai,2022-08-28,22,instagram
C04330,Pune,2022-12-27,43,instagram
C04331,Delhi,2023-03-17,37,referral
C04332,Mumbai,2022-01-31,43,website
C04333,Bangalore,2023-09-21,37,modern_trade
C04334,Chennai,2023-12-08,49,instagram
C04335,Bangalore,2023-08-25,49,referral
C04336,Mumbai,2023-11-21,43,referral
C04337,Hyderabad,2023-10-19,27,distributor
C04338,Jaipur,2023-12-15,46,website
C04339,Bangalore,2022-11-18,23,instagram
C04340,Delhi,2022-12-10,28,referral
C04341,Bangalore,2023-12-16,38,referral
C04342,Mumbai,2023-06-20,41,website
C04343,Pune,2022-12-21,23,instagram
C04344,Pune,2023-04-16,28,referral
C04345,Hyderabad,2022-04-15,53,website
C04346,Delhi,2024-02-26,40,instagram
C04347,Pune,2022-11-18,33,website
C04348,Hyderabad,2023-07-26,30,referral
C04349,Pune,2023-06-11,48,modern_trade
C04350,Chennai,2023-05-19,35,instagram
C04351,Pune,2022-03-26,23,distributor
C04352,Hyderabad,2023-12-10,42,instagram
C04353,Bangalore,2022-08-23,25,instagram
C04354,Ahmedabad,2022-09-20,42,modern_trade
C04355,Hyderabad,2022-01-06,43,modern_trade
C04356,Hyderabad,2023-05-09,23,instagram
C04357,Delhi,2022-10-16,38,distributor
C04358,Chennai,2023-07-24,40,instagram
C04359,Hyderabad,2023-10-19,45,website
C04360,Mumbai,2023-07-08,41,instagram
C04361,Mumbai,2022-12-16,33,referral
C04362,Hyderabad,2022-07-19,46,referral
C04363,Indore,2023-11-17,44,website
C04364,Hyderabad,2022-12-01,53,website
C04365,Delhi,2023-08-30,45,referral
C04366,Chennai,2022-08-05,46,distributor
C04367,Mumbai,2023-09-15,24,instagram
C04368,Bangalore,2022-12-19,46,instagram
C04369,Mumbai,2023-11-23,49,website
C04370,Mumbai,2023-11-06,33,instagram
C04371,Delhi,2023-09-23,47,referral
C04372,Bangalore,2022-11-21,29,referral
C04373,Mumbai,2022-08-16,26,referral
C04374,Bangalore,2022-05-25,32,distributor
C04375,Bangalore,2022-11-04,48,instagram
C04376,Bangalore,2023-10-16,40,instagram
C04377,Bangalore,2023-09-26,53,instagram
C04378,Pune,2022-10-12,49,instagram
C04379,Mumbai,2023-01-27,39,referral
C04380,Bangalore,2024-01-08,31,website
C04381,Mumbai,2022-12-26,53,website
C04382,Mumbai,2024-02-08,39,modern_trade
C04383,Hyderabad,2024-03-07,33,instagram
C04384,Hyderabad,2022-06-14,29,instagram
C04385,Kolkata,2024-01-03,54,distributor
C04386,Hyderabad,2023-08-04,35,instagram
C04387,Ahmedabad,2024-03-31,23,distributor
C04388,Mumbai,2022-08-12,30,modern_trade
C04389,Mumbai,2022-05-04,26,distributor
C04390,Mumbai,2022-12-10,40,referral
C04391,Mumbai,2023-06-08,28,instagram
C04392,Hyderabad,2022-02-21,38,website
C04393,Chennai,2022-05-09,47,website
C04394,Mumbai,2022-05-15,48,instagram
C04395,Jaipur,2023-10-19,49,modern_trade
C04396,Kolkata,2022-05-07,41,instagram
C04397,Delhi,2024-01-08,27,referral
C04398,Mumbai,2022-03-12,29,modern_trade
C04399,Mumbai,2022-09-30,53,instagram
C04400,Mumbai,2022-07-06,40,instagram
C04401,Mumbai,2022-01-03,53,instagram
C04402,Bangalore,2022-10-12,40,instagram
C04403,Delhi,2022-01-22,45,instagram
C04404,Delhi,2022-06-15,45,instagram
C04405,Ahmedabad,2022-11-06,38,instagram
C04406,Chennai,2023-04-22,39,modern_trade
C04407,Jaipur,2023-05-13,33,distributor
C04408,Mumbai,2023-03-10,44,referral
C04409,Bangalore,2024-01-28,39,instagram
C04410,Hyderabad,2022-08-22,37,instagram
C04411,Mumbai,2023-11-01,37,website
C04412,Mumbai,2023-10-25,44,website
C04413,Chennai,2023-12-26,43,distributor
C04414,Chennai,2023-01-11,54,instagram
C04415,Bangalore,2023-12-31,45,modern_trade
C04416,Bangalore,2022-09-03,41,website
C04417,Bangalore,2022-10-30,54,distributor
C04418,Mumbai,2023-02-09,52,website
C04419,Delhi,2024-02-27,29,referral
C04420,Mumbai,2023-10-25,31,website
C04421,Mumbai,2023-12-09,22,modern_trade
C04422,Ahmedabad,2022-01-21,42,instagram
C04423,Hyderabad,2022-09-14,46,instagram
C04424,Indore,2023-02-03,53,referral
C04425,Delhi,2023-06-13,31,instagram
C04426,Bangalore,2022-02-20,30,referral
C04427,Delhi,2023-03-23,41,distributor
C04428,Mumbai,2022-09-27,41,website
C04429,Mumbai,2023-08-18,28,website
C04430,Pune,2024-03-28,32,website
C04431,Chennai,2023-09-28,42,modern_trade
C04432,Hyderabad,2024-03-12,40,distributor
C04433,Bangalore,2022-09-19,36,website
C04434,Jaipur,2022-12-31,27,referral
C04435,Mumbai,2022-02-18,31,referral
C04436,Delhi,2023-06-02,37,referral
C04437,Delhi,2023-09-21,32,referral
C04438,Pune,2022-04-28,29,referral
C04439,Ahmedabad,2023-03-29,49,website
C04440,Delhi,2024-02-14,24,website
C04441,Kolkata,2023-10-03,23,instagram
C04442,Pune,2023-02-01,35,distributor
C04443,Delhi,2023-11-14,50,referral
C04444,Bangalore,2022-01-27,24,website
C04445,Bangalore,2023-12-12,22,website
C04446,Ahmedabad,2023-01-07,36,website
C04447,Mumbai,2022-04-07,41,referral
C04448,Pune,2023-06-13,43,modern_trade
C04449,Delhi,2023-11-16,54,instagram
C04450,Indore,2023-09-05,30,website
C04451,Bangalore,2022-07-05,24,instagram
C04452,Hyderabad,2023-11-27,23,website
C04453,Pune,2022-08-03,25,instagram
C04454,Pune,2022-09-08,37,modern_trade
C04455,Kolkata,2022-08-04,54,instagram
C04456,Mumbai,2022-01-29,30,modern_trade
C04457,Chennai,2022-04-12,39,modern_trade
C04458,Mumbai,2022-05-03,37,referral
C04459,Bangalore,2022-02-23,29,referral
C04460,Hyderabad,2022-10-10,44,website
C04461,Bangalore,2023-09-06,24,instagram
C04462,Bangalore,2022-04-27,36,instagram
C04463,Ahmedabad,2023-09-08,54,instagram
C04464,Mumbai,2023-07-11,39,website
C04465,Chennai,2022-04-24,44,instagram
C04466,Bangalore,2023-06-27,24,instagram
C04467,Mumbai,2023-11-07,51,website
C04468,Mumbai,2023-12-02,38,instagram
C04469,Jaipur,2022-10-20,53,instagram
C04470,Kolkata,2022-07-14,28,distributor
C04471,Jaipur,2022-10-19,35,website
C04472,Ahmedabad,2022-09-18,36,referral
C04473,Delhi,2022-07-26,33,instagram
C04474,Delhi,2023-07-18,29,website
C04475,Chennai,2022-02-18,37,instagram
C04476,Bangalore,2022-01-06,45,distributor
C04477,Bangalore,2023-01-14,50,website
C04478,Delhi,2023-01-29,37,distributor
C04479,Hyderabad,2022-08-12,26,modern_trade
C04480,Hyderabad,2022-01-23,26,referral
C04481,Mumbai,2023-10-19,51,website
C04482,Bangalore,2022-04-20,26,modern_trade
C04483,Hyderabad,2023-12-25,34,website
C04484,Hyderabad,2024-03-22,46,instagram
C04485,Delhi,2023-07-07,35,referral
C04486,Indore,2023-02-03,47,instagram
C04487,Mumbai,2022-06-21,39,website
C04488,Delhi,2023-11-29,41,website
C04489,Pune,2023-12-27,28,distributor
C04490,Hyderabad,2022-11-02,31,website
C04491,Delhi,2023-07-18,36,modern_trade
C04492,Chennai,2023-08-05,38,instagram
C04493,Hyderabad,2023-12-09,32,referral
C04494,Pune,2022-05-31,48,distributor
C04495,Indore,2023-03-04,42,modern_trade
C04496,Hyderabad,2023-09-13,52,website
C04497,Bangalore,2023-04-12,25,instagram
C04498,Mumbai,2023-09-22,38,website
C04499,Delhi,2023-08-30,41,modern_trade
C04500,Bangalore,2024-02-07,46,instagram
C04501,Hyderabad,2023-07-10,44,website
C04502,Bangalore,2022-03-08,36,referral
C04503,Delhi,2022-06-05,54,instagram
C04504,Mumbai,2022-07-25,40,modern_trade
C04505,Bangalore,2024-02-25,36,instagram
C04506,Delhi,2022-06-04,26,instagram
C04507,Indore,2023-11-22,37,modern_trade
C04508,Mumbai,2023-05-24,53,website
C04509,Hyderabad,2023-07-26,43,instagram
C04510,Jaipur,2022-03-15,53,distributor
C04511,Mumbai,2022-02-18,34,instagram
C04512,Bangalore,2024-02-22,47,distributor
C04513,Mumbai,2023-04-12,38,website
C04514,Chennai,2023-08-08,26,referral
C04515,Hyderabad,2023-12-09,54,instagram
C04516,Bangalore,2022-06-28,48,referral
C04517,Hyderabad,2022-02-17,26,instagram
C04518,Kolkata,2022-03-13,28,website
C04519,Mumbai,2022-04-23,39,referral
C04520,Mumbai,2024-01-27,52,instagram
C04521,Kolkata,2024-03-31,27,modern_trade
C04522,Hyderabad,2022-06-08,23,instagram
C04523,Kolkata,2024-02-25,34,website
C04524,Hyderabad,2024-02-19,32,instagram
C04525,Pune,2024-03-26,47,website
C04526,Bangalore,2022-01-30,42,website
C04527,Indore,2022-04-07,23,modern_trade
C04528,Jaipur,2022-09-08,41,instagram
C04529,Hyderabad,2023-06-03,38,instagram
C04530,Mumbai,2022-04-02,37,instagram
C04531,Delhi,2022-04-23,26,instagram
C04532,Mumbai,2022-09-16,35,instagram
C04533,Delhi,2022-04-17,45,website
C04534,Delhi,2023-07-29,25,website
C04535,Hyderabad,2023-01-25,45,modern_trade
C04536,Hyderabad,2022-12-24,30,referral
C04537,Bangalore,2024-02-22,24,website
C04538,Hyderabad,2022-07-18,30,distributor
C04539,Mumbai,2023-03-03,39,website
C04540,Mumbai,2023-04-23,40,website
C04541,Mumbai,2023-05-18,45,distributor
C04542,Bangalore,2023-10-20,25,distributor
C04543,Delhi,2023-07-27,30,referral
C04544,Delhi,2022-04-30,54,website
C04545,Bangalore,2023-07-27,22,referral
C04546,Pune,2022-11-05,31,website
C04547,Mumbai,2023-06-22,33,distributor
C04548,Chennai,2023-09-19,39,referral
C04549,Chennai,2023-04-20,35,modern_trade
C04550,Pune,2023-07-06,31,website
C04551,Jaipur,2022-12-10,31,instagram
C04552,Mumbai,2023-09-20,39,modern_trade
C04553,Mumbai,2022-05-16,45,referral
C04554,Kolkata,2022-10-04,22,instagram
C04555,Bangalore,2024-03-21,51,distributor
C04556,Hyderabad,2023-06-17,36,referral
C04557,Chennai,2022-01-31,29,website
C04558,Chennai,2022-09-04,39,modern_trade
C04559,Jaipur,2023-02-15,37,distributor
C04560,Ahmedabad,2022-01-27,42,modern_trade
C04561,Indore,2022-03-14,36,website
C04562,Delhi,2022-04-07,26,website
C04563,Kolkata,2023-11-04,28,instagram
C04564,Mumbai,2022-12-12,28,referral
C04565,Delhi,2023-04-21,48,distributor
C04566,Kolkata,2022-10-27,46,website
C04567,Delhi,2022-10-26,43,instagram
C04568,Delhi,2022-10-14,34,instagram
C04569,Mumbai,2023-03-25,38,distributor
C04570,Kolkata,2022-07-31,34,modern_trade
C04571,Bangalore,2022-03-17,47,referral
C04572,Chennai,2023-02-05,30,website
C04573,Delhi,2023-10-17,26,instagram
C04574,Indore,2022-02-03,54,modern_trade
C04575,Indore,2023-05-13,25,website
C04576,Delhi,2023-05-31,49,website
C04577,Bangalore,2022-11-24,47,referral
C04578,Delhi,2022-04-08,25,referral
C04579,Ahmedabad,2023-01-01,37,instagram
C04580,Chennai,2023-12-30,43,distributor
C04581,Jaipur,2023-04-08,46,distributor
C04582,Delhi,2022-01-28,29,modern_trade
C04583,Pune,2023-12-14,38,distributor
C04584,Indore,2023-01-21,39,website
C04585,Chennai,2022-09-30,33,instagram
C04586,Ahmedabad,2022-05-07,54,modern_trade
C04587,Bangalore,2022-07-21,44,referral
C04588,Mumbai,2023-06-05,33,referral
C04589,Chennai,2022-10-14,32,instagram
C04590,Indore,2023-03-26,34,referral
C04591,Hyderabad,2022-03-29,48,website
C04592,Delhi,2022-11-14,46,instagram
C04593,Bangalore,2022-01-19,24,instagram
C04594,Delhi,2023-08-16,46,website
C04595,Bangalore,2022-04-17,31,modern_trade
C04596,Chennai,2023-04-03,38,website
C04597,Indore,2022-11-07,24,instagram
C04598,Delhi,2023-02-16,43,referral
C04599,Bangalore,2024-01-12,35,modern_trade
C04600,Delhi,2023-09-16,48,website
C04601,Mumbai,2024-01-02,41,instagram
C04602,Pune,2023-09-27,39,distributor
C04603,Jaipur,2023-05-13,34,instagram
C04604,Delhi,2022-09-01,27,instagram
C04605,Indore,2023-11-21,31,referral
C04606,Kolkata,2023-07-31,50,referral
C04607,Kolkata,2023-01-15,27,distributor
C04608,Mumbai,2023-05-30,32,instagram
C04609,Ahmedabad,2022-07-26,46,referral
C04610,Delhi,2023-01-29,51,referral
C04611,Delhi,2022-01-21,41,referral
C04612,Mumbai,2024-03-15,37,instagram
C04613,Bangalore,2023-06-11,52,instagram
C04614,Mumbai,2022-12-09,50,instagram
C04615,Delhi,2023-12-19,27,website
C04616,Delhi,2022-07-21,50,modern_trade
C04617,Pune,2022-04-30,53,website
C04618,Kolkata,2023-10-11,30,website
C04619,Delhi,2024-03-22,44,referral
C04620,Kolkata,2024-03-17,37,modern_trade
C04621,Kolkata,2023-01-24,39,referral
C04622,Indore,2023-06-21,40,instagram
C04623,Mumbai,2022-08-22,23,website
C04624,Chennai,2023-09-25,31,website
C04625,Jaipur,2023-08-25,33,referral
C04626,Chennai,2022-11-16,39,instagram
C04627,Delhi,2023-12-13,40,instagram
C04628,Bangalore,2022-06-29,48,modern_trade
C04629,Chennai,2023-01-03,35,instagram
C04630,Bangalore,2022-03-17,23,website
C04631,Mumbai,2023-10-11,54,instagram
C04632,Delhi,2023-10-12,40,instagram
C04633,Pune,2023-05-11,48,instagram
C04634,Kolkata,2023-06-06,51,instagram
C04635,Mumbai,2022-07-20,28,instagram
C04636,Ahmedabad,2022-12-12,48,website
C04637,Delhi,2023-04-28,42,referral
C04638,Chennai,2022-08-07,28,modern_trade
C04639,Indore,2022-03-01,46,instagram
C04640,Pune,2023-10-21,39,modern_trade
C04641,Jaipur,2023-09-11,54,distributor
C04642,Delhi,2023-07-04,54,instagram
C04643,Kolkata,2023-10-08,53,distributor
C04644,Mumbai,2022-08-09,46,instagram
C04645,Chennai,2024-03-25,35,website
C04646,Indore,2023-05-17,25,instagram
C04647,Chennai,2022-05-13,39,website
C04648,Delhi,2022-02-22,31,website
C04649,Kolkata,2023-03-26,44,referral
C04650,Mumbai,2022-03-03,46,website
C04651,Mumbai,2022-01-23,22,website
C04652,Indore,2022-02-13,39,website
C04653,Bangalore,2024-03-30,36,distributor
C04654,Kolkata,2023-07-12,46,distributor
C04655,Bangalore,2023-10-21,53,distributor
C04656,Mumbai,2023-12-29,41,modern_trade
C04657,Pune,2022-02-16,38,instagram
C04658,Hyderabad,2024-03-30,32,referral
C04659,Mumbai,2022-01-24,34,instagram
C04660,Indore,2023-10-19,46,distributor
C04661,Bangalore,2022-03-30,41,instagram
C04662,Hyderabad,2022-06-23,46,referral
C04663,Bangalore,2023-07-30,52,instagram
C04664,Pune,2022-04-29,22,instagram
C04665,Pune,2024-01-05,37,instagram
C04666,Chennai,2023-10-30,49,website
C04667,Mumbai,2022-06-27,42,instagram
C04668,Pune,2022-12-08,51,website
C04669,Chennai,2023-07-22,24,modern_trade
C04670,Chennai,2022-02-28,27,modern_trade
C04671,Delhi,2023-03-14,50,instagram
C04672,Kolkata,2023-03-04,24,distributor
C04673,Indore,2023-03-02,54,modern_trade
C04674,Mumbai,2023-01-16,32,instagram
C04675,Bangalore,2023-05-01,26,website
C04676,Kolkata,2024-01-02,53,website
C04677,Mumbai,2022-07-04,39,referral
C04678,Ahmedabad,2023-07-13,41,instagram
C04679,Chennai,2023-04-05,49,website
C04680,Chennai,2022-04-12,34,modern_trade
C04681,Delhi,2023-07-10,47,instagram
C04682,Delhi,2022-01-15,37,website
C04683,Jaipur,2024-01-18,46,referral
C04684,Delhi,2022-02-20,31,website
C04685,Indore,2022-11-05,50,referral
C04686,Bangalore,2022-02-03,41,referral
C04687,Mumbai,2023-09-28,47,modern_trade
C04688,Mumbai,2023-08-12,53,modern_trade
C04689,Hyderabad,2023-09-27,45,referral
C04690,Ahmedabad,2022-07-24,52,referral
C04691,Delhi,2024-01-10,33,website
C04692,Delhi,2022-03-11,31,modern_trade
C04693,Delhi,2022-08-18,27,website
C04694,Hyderabad,2023-04-25,28,website
C04695,Bangalore,2023-06-17,52,distributor
C04696,Kolkata,2022-04-18,48,modern_trade
C04697,Bangalore,2022-08-29,29,instagram
C04698,Bangalore,2022-09-08,24,website
C04699,Mumbai,2022-05-15,42,referral
C04700,Ahmedabad,2022-03-31,22,modern_trade
C04701,Delhi,2023-08-14,36,instagram
C04702,Mumbai,2023-03-16,28,referral
C04703,Chennai,2023-11-20,36,referral
C04704,Hyderabad,2022-10-25,46,instagram
C04705,Bangalore,2023-02-11,24,referral
C04706,Bangalore,2022-11-04,51,website
C04707,Pune,2022-04-12,35,referral
C04708,Mumbai,2022-12-27,25,website
C04709,Pune,2023-09-16,24,website
C04710,Chennai,2023-11-24,26,website
C04711,Bangalore,2023-09-08,46,website
C04712,Bangalore,2023-06-12,52,instagram
C04713,Delhi,2023-08-31,32,instagram
C04714,Indore,2022-10-20,29,modern_trade
C04715,Bangalore,2022-05-26,47,website
C04716,Delhi,2023-02-08,23,website
C04717,Hyderabad,2024-03-24,49,website
C04718,Ahmedabad,2022-01-02,31,instagram
C04719,Bangalore,2022-04-29,42,modern_trade
C04720,Jaipur,2023-08-29,49,instagram
C04721,Delhi,2022-07-10,54,distributor
C04722,Mumbai,2022-01-03,32,instagram
C04723,Delhi,2023-05-02,22,website
C04724,Bangalore,2023-09-15,54,instagram
C04725,Delhi,2022-06-26,24,modern_trade
C04726,Mumbai,2022-09-14,47,distributor
C04727,Jaipur,2023-06-18,36,instagram
C04728,Kolkata,2023-04-22,35,instagram
C04729,Indore,2023-02-02,44,instagram
C04730,Mumbai,2023-05-11,29,modern_trade
C04731,Mumbai,2022-08-08,41,referral
C04732,Mumbai,2022-06-22,27,website
C04733,Indore,2024-01-06,54,instagram
C04734,Jaipur,2023-01-25,49,website
C04735,Bangalore,2023-05-17,51,website
C04736,Mumbai,2023-07-31,38,website
C04737,Bangalore,2024-02-28,30,modern_trade
C04738,Delhi,2024-01-31,49,instagram
C04739,Delhi,2022-09-17,28,website
C04740,Chennai,2022-05-11,49,website
C04741,Indore,2022-04-23,38,website
C04742,Mumbai,2024-03-08,26,instagram
C04743,Mumbai,2024-03-09,26,modern_trade
C04744,Ahmedabad,2023-12-24,35,distributor
C04745,Delhi,2022-01-20,27,distributor
C04746,Mumbai,2022-08-03,28,modern_trade
C04747,Mumbai,2022-11-06,38,referral
C04748,Mumbai,2022-09-08,30,referral
C04749,Bangalore,2023-05-03,52,instagram
C04750,Pune,2023-01-17,43,referral
C04751,Delhi,2023-02-13,30,instagram
C04752,Bangalore,2022-09-28,37,instagram
C04753,Chennai,2023-02-11,34,modern_trade
C04754,Bangalore,2023-11-23,40,distributor
C04755,Kolkata,2022-07-13,33,distributor
C04756,Kolkata,2023-03-17,31,instagram
C04757,Mumbai,2022-11-09,37,distributor
C04758,Indore,2022-03-20,49,instagram
C04759,Bangalore,2022-06-29,40,website
C04760,Ahmedabad,2023-11-06,27,website
C04761,Bangalore,2023-12-15,25,referral
C04762,Ahmedabad,2022-01-14,51,distributor
C04763,Indore,2022-09-03,52,referral
C04764,Delhi,2022-01-14,48,website
C04765,Hyderabad,2022-04-09,42,instagram
C04766,Ahmedabad,2022-02-02,30,modern_trade
C04767,Kolkata,2023-03-12,42,referral
C04768,Mumbai,2022-09-14,38,website
C04769,Chennai,2022-02-03,45,website
C04770,Delhi,2022-01-19,52,website
C04771,Mumbai,2023-10-26,27,website
C04772,Bangalore,2022-09-17,34,instagram
C04773,Delhi,2023-11-07,46,website
C04774,Pune,2023-08-12,53,distributor
C04775,Delhi,2023-02-20,22,modern_trade
C04776,Pune,2022-05-17,40,instagram
C04777,Mumbai,2022-12-25,33,instagram
C04778,Delhi,2023-12-21,41,referral
C04779,Delhi,2024-01-24,54,modern_trade
C04780,Delhi,2023-08-02,50,referral
C04781,Mumbai,2022-04-26,37,website
C04782,Mumbai,2023-02-08,35,distributor
C04783,Hyderabad,2022-07-21,28,referral
C04784,Delhi,2023-01-11,27,instagram
C04785,Bangalore,2022-09-07,42,distributor
C04786,Delhi,2023-03-22,43,referral
C04787,Kolkata,2022-10-05,40,referral
C04788,Jaipur,2022-04-22,46,referral
C04789,Bangalore,2023-04-18,24,referral
C04790,Delhi,2024-01-16,32,website
C04791,Mumbai,2023-11-19,48,referral
C04792,Ahmedabad,2023-01-27,23,referral
C04793,Mumbai,2022-05-23,27,website
C04794,Delhi,2022-02-01,23,instagram
C04795,Delhi,2022-06-30,38,instagram
C04796,Delhi,2023-08-02,35,website
C04797,Mumbai,2023-05-31,31,modern_trade
C04798,Pune,2024-03-08,54,instagram
C04799,Mumbai,2022-09-26,33,instagram
C04800,Chennai,2022-08-24,53,website
C04801,Mumbai,2022-10-04,45,website
C04802,Mumbai,2023-07-07,35,referral
C04803,Jaipur,2023-09-25,26,instagram
C04804,Mumbai,2022-10-02,26,instagram
C04805,Pune,2024-01-13,53,modern_trade
C04806,Hyderabad,2024-03-26,54,referral
C04807,Mumbai,2022-03-27,25,modern_trade
C04808,Ahmedabad,2022-03-04,51,website
C04809,Delhi,2023-02-08,38,website
C04810,Kolkata,2022-07-11,24,distributor
C04811,Mumbai,2022-10-20,34,instagram
C04812,Kolkata,2022-01-31,39,website
C04813,Mumbai,2022-11-26,44,instagram
C04814,Bangalore,2023-10-20,54,referral
C04815,Indore,2022-04-17,38,instagram
C04816,Jaipur,2023-09-14,33,instagram
C04817,Jaipur,2022-10-03,26,distributor
C04818,Pune,2023-12-23,48,website
C04819,Kolkata,2023-10-13,34,modern_trade
C04820,Mumbai,2023-08-21,47,referral
C04821,Delhi,2023-07-10,35,website
C04822,Delhi,2022-03-23,53,instagram
C04823,Delhi,2022-03-05,32,referral
C04824,Bangalore,2023-07-21,37,website
C04825,Hyderabad,2023-08-09,43,instagram
C04826,Mumbai,2022-05-09,37,modern_trade
C04827,Chennai,2022-09-13,34,instagram
C04828,Mumbai,2022-08-19,33,referral
C04829,Delhi,2023-05-12,39,website
C04830,Bangalore,2022-05-17,50,distributor
C04831,Pune,2023-03-31,39,instagram
C04832,Indore,2022-12-21,23,website
C04833,Chennai,2023-09-16,23,website
C04834,Mumbai,2023-04-30,24,instagram
C04835,Hyderabad,2024-03-30,50,website
C04836,Mumbai,2022-05-26,29,instagram
C04837,Delhi,2022-02-02,32,instagram
C04838,Bangalore,2022-09-17,33,instagram
C04839,Mumbai,2022-03-28,53,modern_trade
C04840,Delhi,2022-09-22,25,instagram
C04841,Ahmedabad,2023-06-26,30,referral
C04842,Ahmedabad,2023-01-27,45,instagram
C04843,Delhi,2022-08-20,37,instagram
C04844,Mumbai,2023-08-11,38,instagram
C04845,Mumbai,2023-03-23,43,referral
C04846,Bangalore,2022-05-09,28,instagram
C04847,Jaipur,2022-09-28,31,instagram
C04848,Mumbai,2022-03-30,50,modern_trade
C04849,Indore,2023-04-11,45,website
C04850,Mumbai,2022-06-19,35,instagram
C04851,Ahmedabad,2022-05-08,35,referral
C04852,Bangalore,2022-06-23,46,instagram
C04853,Indore,2022-01-26,43,website
C04854,Delhi,2023-07-27,44,referral
C04855,Chennai,2023-05-26,53,instagram
C04856,Mumbai,2023-05-03,47,instagram
C04857,Mumbai,2023-08-02,48,referral
C04858,Jaipur,2023-02-10,33,modern_trade
C04859,Jaipur,2022-01-26,40,instagram
C04860,Kolkata,2022-03-24,40,instagram
C04861,Chennai,2022-12-30,53,website
C04862,Pune,2023-01-02,50,website
C04863,Mumbai,2022-03-01,42,instagram
C04864,Delhi,2023-07-05,26,instagram
C04865,Delhi,2023-09-27,33,instagram
C04866,Chennai,2022-10-19,28,instagram
C04867,Delhi,2024-02-28,23,referral
C04868,Mumbai,2024-03-26,46,instagram
C04869,Hyderabad,2024-03-04,31,website
C04870,Pune,2022-07-10,27,distributor
C04871,Bangalore,2023-04-06,48,website
C04872,Mumbai,2024-03-14,31,referral
C04873,Mumbai,2023-10-26,30,website
C04874,Delhi,2022-08-21,41,website
C04875,Delhi,2023-04-19,29,modern_trade
C04876,Chennai,2023-02-09,52,website
C04877,Hyderabad,2023-10-20,37,website
C04878,Chennai,2022-09-28,49,instagram
C04879,Delhi,2022-05-14,27,referral
C04880,Pune,2022-06-20,53,referral
C04881,Delhi,2023-02-19,49,instagram
C04882,Bangalore,2022-01-28,32,referral
C04883,Pune,2022-05-16,44,referral
C04884,Mumbai,2023-02-09,51,website
C04885,Mumbai,2023-05-20,30,distributor
C04886,Kolkata,2022-08-29,49,instagram
C04887,Delhi,2023-03-20,45,instagram
C04888,Chennai,2023-03-10,49,modern_trade
C04889,Mumbai,2022-08-16,45,distributor
C04890,Chennai,2023-05-24,36,referral
C04891,Delhi,2024-03-09,54,instagram
C04892,Mumbai,2022-10-30,43,referral
C04893,Hyderabad,2022-02-03,50,instagram
C04894,Delhi,2022-01-02,31,modern_trade
C04895,Bangalore,2022-12-28,51,website
C04896,Mumbai,2022-07-14,32,instagram
C04897,Mumbai,2023-08-29,42,modern_trade
C04898,Delhi,2022-11-04,34,website
C04899,Mumbai,2023-10-09,46,distributor
C04900,Jaipur,2023-12-17,42,distributor
C04901,Mumbai,2022-09-07,22,instagram
C04902,Bangalore,2022-05-27,26,instagram
C04903,Mumbai,2022-12-12,43,website
C04904,Delhi,2022-12-14,28,distributor
C04905,Jaipur,2022-09-11,34,distributor
C04906,Mumbai,2023-02-03,44,website
C04907,Ahmedabad,2022-11-30,42,instagram
C04908,Delhi,2022-06-25,27,instagram
C04909,Indore,2022-05-05,41,modern_trade
C04910,Hyderabad,2024-02-02,33,website
C04911,Kolkata,2023-02-02,30,website
C04912,Hyderabad,2022-05-11,49,referral
C04913,Hyderabad,2023-07-16,32,website
C04914,Mumbai,2023-08-28,53,modern_trade
C04915,Mumbai,2023-02-11,32,referral
C04916,Jaipur,2024-01-02,45,instagram
C04917,Delhi,2022-11-30,36,website
C04918,Delhi,2022-01-20,38,distributor
C04919,Indore,2022-07-24,46,referral
C04920,Delhi,2023-08-26,40,instagram
C04921,Ahmedabad,2022-12-21,52,instagram
C04922,Indore,2022-06-22,38,instagram
C04923,Hyderabad,2022-07-08,44,instagram
C04924,Kolkata,2022-01-02,22,website
C04925,Mumbai,2022-06-17,31,instagram
C04926,Delhi,2023-01-03,29,website
C04927,Bangalore,2023-06-20,47,instagram
C04928,Delhi,2023-08-03,40,instagram
C04929,Indore,2023-01-05,35,website
C04930,Jaipur,2023-12-07,29,website
C04931,Bangalore,2023-08-19,22,instagram
C04932,Delhi,2023-03-13,46,modern_trade
C04933,Ahmedabad,2022-07-26,45,instagram
C04934,Bangalore,2022-02-18,41,referral
C04935,Bangalore,2023-06-28,51,website
C04936,Delhi,2023-11-13,26,modern_trade
C04937,Jaipur,2022-05-09,24,referral
C04938,Hyderabad,2023-03-23,53,referral
C04939,Indore,2023-09-06,38,website
C04940,Pune,2022-02-04,26,referral
C04941,Delhi,2024-03-29,32,website
C04942,Bangalore,2022-07-18,25,instagram
C04943,Kolkata,2024-03-23,40,modern_trade
C04944,Delhi,2022-03-18,44,instagram
C04945,Pune,2023-01-04,38,distributor
C04946,Jaipur,2023-06-10,34,referral
C04947,Chennai,2022-12-15,48,modern_trade
C04948,Indore,2023-05-21,22,referral
C04949,Pune,2023-10-05,23,instagram
C04950,Kolkata,2022-08-26,39,instagram
C04951,Bangalore,2022-10-07,54,modern_trade
C04952,Mumbai,2023-07-31,23,referral
C04953,Bangalore,2023-03-08,25,referral
C04954,Chennai,2022-05-18,37,instagram
C04955,Bangalore,2022-09-26,25,distributor
C04956,Indore,2024-01-10,30,instagram
C04957,Delhi,2022-07-20,42,instagram
C04958,Chennai,2022-05-22,44,distributor
C04959,Mumbai,2023-09-04,23,distributor
C04960,Indore,2023-10-12,24,instagram
C04961,Hyderabad,2023-11-11,44,modern_trade
C04962,Delhi,2023-09-03,47,instagram
C04963,Delhi,2022-12-21,28,instagram
C04964,Indore,2023-08-01,54,modern_trade
C04965,Bangalore,2022-11-25,25,modern_trade
C04966,Delhi,2023-07-13,44,instagram
C04967,Ahmedabad,2022-08-19,46,instagram
C04968,Indore,2022-11-04,47,instagram
C04969,Ahmedabad,2023-10-20,49,modern_trade
C04970,Bangalore,2023-12-20,49,distributor
C04971,Bangalore,2022-05-26,42,instagram
C04972,Kolkata,2022-06-01,31,modern_trade
C04973,Hyderabad,2024-03-01,48,instagram
C04974,Chennai,2022-05-20,36,website
C04975,Delhi,2023-10-25,38,instagram
C04976,Bangalore,2022-01-21,26,website
C04977,Mumbai,2022-09-11,37,instagram
C04978,Delhi,2022-03-05,44,distributor
C04979,Mumbai,2022-08-06,30,instagram
C04980,Mumbai,2022-03-13,54,referral
C04981,Ahmedabad,2022-06-11,45,modern_trade
C04982,Delhi,2022-05-10,45,referral
C04983,Chennai,2023-08-04,45,instagram
C04984,Pune,2022-08-13,40,website
C04985,Hyderabad,2024-01-28,46,modern_trade
C04986,Mumbai,2023-08-03,52,referral
C04987,Indore,2023-03-30,46,instagram
C04988,Hyderabad,2023-01-19,48,referral
C04989,Indore,2022-04-17,53,distributor
C04990,Indore,2023-09-13,32,instagram
C04991,Ahmedabad,2022-04-13,26,referral
C04992,Hyderabad,2022-05-21,54,website
C04993,Delhi,2023-07-31,40,instagram
C04994,Chennai,2022-05-14,37,referral
C04995,Mumbai,2022-07-18,32,distributor
C04996,Kolkata,2023-05-25,32,instagram
C04997,Mumbai,2023-10-29,31,modern_trade
C04998,Delhi,2022-03-20,26,modern_trade
C04999,Pune,2023-04-27,44,instagram
C05000,Hyderabad,2023-05-27,46,instagram
